run_id,dataset,norm,policy,n_views,delta_accuracy,ci_low,ci_high,ci_excludes_zero,mcnemar_p,harm_rate,rescue_rate,mixed_delta_accuracy,ece,nll,brier,n_samples
A-pathmnist-28px-batchnorm-policy-none-s0,pathmnist,batchnorm,geometric,25,-0.22291083566573378,-0.23270691723310677,-0.21341463414634143,True,0.0,0.35543228250575026,0.1519326444699579,-0.2975809676129548,0.2611704314576655,2.184678316116333,0.7175645232200623,10004
A-pathmnist-28px-batchnorm-policy-none-s0,pathmnist,batchnorm,geometric,50,-0.22281087564974011,-0.2326069572171131,-0.21291483406637346,True,0.0,0.3558381815721824,0.15346345197091465,-0.2803878448620552,0.260555750066664,2.1781954765319824,0.7171627879142761,10004
A-pathmnist-28px-batchnorm-policy-none-s0,pathmnist,batchnorm,intensity,25,-0.22081167532986812,-0.23010795681727314,-0.21121551379448222,True,0.0,0.33757272358273577,0.10945273631840796,-0.2975809676129548,0.05474376528025246,1.4682544469833374,0.6281288266181946,10004
A-pathmnist-28px-batchnorm-policy-none-s0,pathmnist,batchnorm,intensity,50,-0.20691723310675736,-0.21611355457816872,-0.19782087165133955,True,0.0,0.3167365715058855,0.10371220818982013,-0.2803878448620552,0.07636997295690268,1.4388415813446045,0.6199250817298889,10004
A-pathmnist-28px-batchnorm-policy-none-s1,pathmnist,batchnorm,geometric,25,-0.317672930827669,-0.3277688924430228,-0.3077768892443023,True,0.0,0.43380855397148677,0.10707635009310987,-0.5610755697720913,0.2970189994773785,2.3373217582702637,0.7924618124961853,10004
A-pathmnist-28px-batchnorm-policy-none-s1,pathmnist,batchnorm,geometric,50,-0.31917233106757303,-0.3290708716513395,-0.3091763294682127,True,0.0,0.43609979633401225,0.1084729981378026,-0.5632746901239505,0.2979331508499296,2.3272693157196045,0.7919808030128479,10004
A-pathmnist-28px-batchnorm-policy-none-s1,pathmnist,batchnorm,intensity,25,-0.28218712514994004,-0.29288284686125554,-0.271391443422631,True,0.0,0.41776985743380857,0.21368715083798884,-0.5610755697720913,0.07830396160536983,1.337152361869812,0.6351161599159241,10004
A-pathmnist-28px-batchnorm-policy-none-s1,pathmnist,batchnorm,intensity,50,-0.26279488204718116,-0.27329068372650944,-0.25229908036785287,True,0.0,0.3921843177189409,0.21042830540037244,-0.5632746901239505,0.11144527145734028,1.3145617246627808,0.6251328587532043,10004
A-pathmnist-28px-batchnorm-policy-none-s2,pathmnist,batchnorm,geometric,25,-0.4247301079568172,-0.4349260295881648,-0.41483156737305077,True,0.0,0.4993681792073521,0.07544264819091609,-0.605857656937225,0.3334730713159406,2.4478302001953125,0.820825457572937,10004
A-pathmnist-28px-batchnorm-policy-none-s2,pathmnist,batchnorm,geometric,50,-0.4238304678128748,-0.43382646941223507,-0.41373450619752106,True,0.0,0.49821941412981047,0.07467282525019246,-0.6089564174330268,0.33210958908351124,2.401949882507324,0.8198236227035522,10004
A-pathmnist-28px-batchnorm-policy-none-s2,pathmnist,batchnorm,intensity,25,-0.3147740903638544,-0.3250699720111955,-0.3047780887644942,True,0.0,0.3910396323951752,0.19630484988452657,-0.605857656937225,0.09717318802321256,1.2186554670333862,0.584496259689331,10004
A-pathmnist-28px-batchnorm-policy-none-s2,pathmnist,batchnorm,intensity,50,-0.29838064774090356,-0.3085765693722511,-0.2882821871251499,True,0.0,0.37277426766226307,0.20015396458814472,-0.6089564174330268,0.12255565724858804,1.1934183835983276,0.5739104151725769,10004
A-pathmnist-28px-groupnorm-policy-none-s0,pathmnist,groupnorm,geometric,25,-0.4053378648540584,-0.4149340263894442,-0.3955417832866853,True,0.0,0.44594885020416936,0.1361031518624642,-0.5685725709716114,0.24396980343247263,1.833085298538208,0.6955117583274841,10004
A-pathmnist-28px-groupnorm-policy-none-s0,pathmnist,groupnorm,geometric,50,-0.40353858456617353,-0.41333466613354664,-0.39374250299880054,True,0.0,0.4442295293359123,0.13896848137535817,-0.5635745701719312,0.2407719232067496,1.7840346097946167,0.6947015523910522,10004
A-pathmnist-28px-groupnorm-policy-none-s0,pathmnist,groupnorm,intensity,25,-0.33646541383446626,-0.3463614554178329,-0.3267692922830868,True,0.0,0.3767461852568236,0.20057306590257878,-0.5685725709716114,0.14613012982452692,1.1626287698745728,0.5559471845626831,10004
A-pathmnist-28px-groupnorm-policy-none-s0,pathmnist,groupnorm,intensity,50,-0.30867652938824475,-0.31847261095561774,-0.2989804078368653,True,0.0,0.3478401031592521,0.2134670487106017,-0.5635745701719312,0.1838475326206483,1.1422144174575806,0.5467569828033447,10004
A-pathmnist-28px-groupnorm-policy-none-s1,pathmnist,groupnorm,geometric,25,-0.5177928828468612,-0.5279888044782088,-0.507794382247101,True,0.0,0.5564720812182741,0.14963503649635038,-0.665733706517393,0.2776133424160434,2.064061403274536,0.7849901914596558,10004
A-pathmnist-28px-groupnorm-policy-none-s1,pathmnist,groupnorm,geometric,50,-0.516593362654938,-0.5266893242702919,-0.5063974410235905,True,0.0,0.5557318104906938,0.15875912408759124,-0.667532986805278,0.2734559632656051,2.0093860626220703,0.782295286655426,10004
A-pathmnist-28px-groupnorm-policy-none-s1,pathmnist,groupnorm,intensity,25,-0.32686925229908037,-0.33646541383446615,-0.3171731307477009,True,0.0,0.35733925549915396,0.1989051094890511,-0.665733706517393,0.1752890028574856,1.1487665176391602,0.5510351061820984,10004
A-pathmnist-28px-groupnorm-policy-none-s1,pathmnist,groupnorm,intensity,50,-0.2991803278688525,-0.30867652938824475,-0.28978408636545383,True,0.0,0.32783417935702197,0.19525547445255476,-0.667532986805278,0.21275440414772426,1.1264731884002686,0.5412935614585876,10004
A-pathmnist-28px-groupnorm-policy-none-s2,pathmnist,groupnorm,geometric,25,-0.44622151139544186,-0.4563174730107957,-0.436125549780088,True,0.0,0.47988656653712847,0.21739130434782608,-0.6777289084366254,0.23982884531400525,1.9193576574325562,0.7149192690849304,10004
A-pathmnist-28px-groupnorm-policy-none-s2,pathmnist,groupnorm,geometric,50,-0.4479208316673331,-0.45811675329868057,-0.43772491003598557,True,0.0,0.4815670622833736,0.2153209109730849,-0.6853258696521392,0.24091899092914293,1.8546503782272339,0.7129091024398804,10004
A-pathmnist-28px-groupnorm-policy-none-s2,pathmnist,groupnorm,intensity,25,-0.4339264294282288,-0.44402239104358254,-0.4239304278288685,True,0.0,0.4643419808843609,0.16563146997929606,-0.6777289084366254,0.08419173013646808,1.24410879611969,0.5970788598060608,10004
A-pathmnist-28px-groupnorm-policy-none-s2,pathmnist,groupnorm,intensity,50,-0.42752898840463815,-0.4374250299880048,-0.41753298680527784,True,0.0,0.45730490494695936,0.15942028985507245,-0.6853258696521392,0.10337110969429014,1.2160202264785767,0.5875542163848877,10004
A-bloodmnist-28px-batchnorm-policy-none-s0,bloodmnist,batchnorm,geometric,25,-0.04848130841121501,-0.06600467289719636,-0.031542056074766345,True,2.030331807649366e-07,0.10863874345549739,0.45108695652173914,-0.3189252336448598,0.025879210957856957,0.5619838833808899,0.23334050178527832,1712
A-bloodmnist-28px-batchnorm-policy-none-s0,bloodmnist,batchnorm,geometric,50,-0.04614485981308414,-0.06425233644859807,-0.028621495327102786,True,5.623957756679232e-07,0.10536649214659685,0.44565217391304346,-0.30841121495327106,0.018785145568931204,0.560523271560669,0.23224660754203796,1712
A-bloodmnist-28px-batchnorm-policy-none-s0,bloodmnist,batchnorm,intensity,25,-0.24591121495327106,-0.26810747663551393,-0.22371495327102808,True,2.057194968119566e-82,0.293848167539267,0.15217391304347827,-0.3189252336448598,0.15123749764583932,0.9468206763267517,0.4784914255142212,1712
A-bloodmnist-28px-batchnorm-policy-none-s0,bloodmnist,batchnorm,intensity,50,-0.2225467289719627,-0.24415887850467288,-0.20093457943925241,True,3.607466370026532e-74,0.2670157068062827,0.14673913043478262,-0.30841121495327106,0.15767859949547555,0.933357298374176,0.4697202146053314,1712
A-bloodmnist-28px-batchnorm-policy-none-s1,bloodmnist,batchnorm,geometric,25,-0.11740654205607481,-0.1378504672897196,-0.0969626168224299,True,1.2217628037390023e-27,0.17111959287531806,0.4857142857142857,-0.3592289719626168,0.033168847611713626,0.7500283718109131,0.3026246130466461,1712
A-bloodmnist-28px-batchnorm-policy-none-s1,bloodmnist,batchnorm,geometric,50,-0.11915887850467288,-0.1396028037383178,-0.09929906542056077,True,1.6670081717372883e-28,0.1717557251908397,0.4714285714285714,-0.3463785046728972,0.030292370295691717,0.746936559677124,0.30108168721199036,1712
A-bloodmnist-28px-batchnorm-policy-none-s1,bloodmnist,batchnorm,intensity,25,-0.24474299065420557,-0.26693925233644855,-0.2231308411214954,True,5.222643827874851e-83,0.2824427480916031,0.17857142857142858,-0.3592289719626168,0.17457330663836448,0.9600921273231506,0.47632911801338196,1712
A-bloodmnist-28px-batchnorm-policy-none-s1,bloodmnist,batchnorm,intensity,50,-0.235981308411215,-0.2575934579439252,-0.21436915887850472,True,3.522695939677358e-81,0.2703562340966921,0.15,-0.3463785046728972,0.19034980533418255,0.9471267461776733,0.4688573181629181,1712
A-bloodmnist-28px-batchnorm-policy-none-s2,bloodmnist,batchnorm,geometric,25,-0.15128504672897192,-0.17056074766355145,-0.1320093457943925,True,2.6867151333796497e-47,0.17643467643467645,0.40540540540540543,-0.4982476635514019,0.024606483736049352,0.7631368637084961,0.2898819148540497,1712
A-bloodmnist-28px-batchnorm-policy-none-s2,bloodmnist,batchnorm,geometric,50,-0.14778037383177567,-0.1670560747663551,-0.12850467289719625,True,9.347228640212537e-46,0.17338217338217338,0.4189189189189189,-0.5,0.020082446563745193,0.7552505731582642,0.28852415084838867,1712
A-bloodmnist-28px-batchnorm-policy-none-s2,bloodmnist,batchnorm,intensity,25,-0.3066588785046729,-0.33060747663551404,-0.28212616822429903,True,2.3124776619286323e-101,0.3437118437118437,0.5135135135135135,-0.4982476635514019,0.09757817112710152,0.913780927658081,0.4707891643047333,1712
A-bloodmnist-28px-batchnorm-policy-none-s2,bloodmnist,batchnorm,intensity,50,-0.27978971962616817,-0.3037383177570093,-0.2558411214953271,True,7.476797252650328e-92,0.315018315018315,0.5,-0.5,0.13084168586810338,0.8962634801864624,0.46093329787254333,1712
A-bloodmnist-28px-groupnorm-policy-none-s0,bloodmnist,groupnorm,geometric,25,-0.1460280373831776,-0.1658878504672897,-0.12675233644859818,True,1.6041143589690224e-43,0.1770512029611351,0.4065934065934066,-0.2079439252336449,0.03455630385221166,0.5666936635971069,0.2832271456718445,1712
A-bloodmnist-28px-groupnorm-policy-none-s0,bloodmnist,groupnorm,geometric,50,-0.1460280373831776,-0.16530373831775702,-0.12675233644859807,True,9.219294548268466e-43,0.17890191239975323,0.43956043956043955,-0.20560747663551404,0.026032585650682474,0.564668595790863,0.2827731966972351,1712
A-bloodmnist-28px-groupnorm-policy-none-s0,bloodmnist,groupnorm,intensity,25,-0.08644859813084116,-0.10163551401869164,-0.07126168224299068,True,4.3462243984779494e-27,0.10302282541640963,0.2087912087912088,-0.2079439252336449,0.23235135964144055,0.617031991481781,0.2944466173648834,1712
A-bloodmnist-28px-groupnorm-policy-none-s0,bloodmnist,groupnorm,intensity,50,-0.0771028037383178,-0.09170560747663548,-0.06308411214953269,True,1.4645184689243704e-24,0.09130166563849476,0.17582417582417584,-0.20560747663551404,0.2470913136325707,0.6147082448005676,0.2903026044368744,1712
A-bloodmnist-28px-groupnorm-policy-none-s1,bloodmnist,groupnorm,geometric,25,-0.1740654205607477,-0.1945093457943925,-0.1542056074766356,True,2.3706941069306506e-54,0.20711166562694946,0.3119266055045872,-0.23773364485981308,0.040890644591684656,0.7476032972335815,0.33842211961746216,1712
A-bloodmnist-28px-groupnorm-policy-none-s1,bloodmnist,groupnorm,geometric,50,-0.16880841121495327,-0.18925233644859818,-0.14894859813084105,True,3.5330463036029745e-52,0.20212102308172178,0.3211009174311927,-0.22429906542056077,0.03634694093298688,0.7454532980918884,0.3377321660518646,1712
A-bloodmnist-28px-groupnorm-policy-none-s1,bloodmnist,groupnorm,intensity,25,-0.12091121495327106,-0.1384345794392523,-0.1039719626168224,True,5.972957328620595e-39,0.14223331253898938,0.1926605504587156,-0.23773364485981308,0.20836577788169422,0.6954181790351868,0.333407998085022,1712
A-bloodmnist-28px-groupnorm-policy-none-s1,bloodmnist,groupnorm,intensity,50,-0.10163551401869164,-0.1185747663551402,-0.08528037383177567,True,1.9546162043934464e-31,0.12289457267623206,0.21100917431192662,-0.22429906542056077,0.23257378255513225,0.6900205612182617,0.327669233083725,1712
A-bloodmnist-28px-groupnorm-policy-none-s2,bloodmnist,groupnorm,geometric,25,-0.18457943925233644,-0.20560747663551404,-0.16413551401869153,True,7.507063060145684e-58,0.21841941505911636,0.3333333333333333,-0.26051401869158874,0.03602779407715686,0.8397717475891113,0.3773007392883301,1712
A-bloodmnist-28px-groupnorm-policy-none-s2,bloodmnist,groupnorm,geometric,50,-0.18224299065420557,-0.20270151869158867,-0.16179906542056077,True,2.673763454075796e-57,0.21530802738021157,0.3238095238095238,-0.2634345794392523,0.03676309835200554,0.837232768535614,0.3758210837841034,1712
A-bloodmnist-28px-groupnorm-policy-none-s2,bloodmnist,groupnorm,intensity,25,-0.09287383177570085,-0.10864485981308414,-0.0771028037383178,True,7.620451818133171e-29,0.11200995644057249,0.2,-0.26051401869158874,0.22499802522361276,0.6510417461395264,0.3092266917228699,1712
A-bloodmnist-28px-groupnorm-policy-none-s2,bloodmnist,groupnorm,intensity,50,-0.08002336448598124,-0.09521028037383172,-0.06542056074766356,True,8.615925453113058e-25,0.0970752955818295,0.18095238095238095,-0.2634345794392523,0.24179382027762236,0.6479997634887695,0.30510711669921875,1712
