run_id,dataset,n_views,majority_vote_delta,confidence_weighted_average_delta,mean_probability_delta
A-bloodmnist-28px-batchnorm-policy-none-s0,bloodmnist,1,-0.4443145279158141,-0.4443145279158141,-0.4443145279158141
A-bloodmnist-28px-batchnorm-policy-none-s0,bloodmnist,2,-0.5071616486407483,-0.4408067816427945,-0.43671441099093833
A-bloodmnist-28px-batchnorm-policy-none-s0,bloodmnist,5,-0.40456007015492546,-0.38497515346389943,-0.3653902367728734
A-bloodmnist-28px-batchnorm-policy-none-s0,bloodmnist,10,-0.35983630517392573,-0.35691318327974275,-0.334697456883952
A-bloodmnist-28px-batchnorm-policy-none-s0,bloodmnist,25,-0.32008184741303713,-0.3420052616194096,-0.3116047939199065
A-bloodmnist-28px-batchnorm-policy-none-s0,bloodmnist,50,-0.2978661210172464,-0.3361590178310435,-0.30108155510084766
A-bloodmnist-28px-batchnorm-policy-none-s0,bloodmnist,100,-0.2797427652733119,-0.32768196433791286,-0.28821981876644254
A-bloodmnist-28px-batchnorm-policy-none-s1,bloodmnist,1,-0.4796843028354283,-0.4796843028354283,-0.4796843028354283
A-bloodmnist-28px-batchnorm-policy-none-s1,bloodmnist,2,-0.5308389359836305,-0.43846828412744815,-0.43583747442268345
A-bloodmnist-28px-batchnorm-policy-none-s1,bloodmnist,5,-0.4276527331189711,-0.38614440222157265,-0.3829289681379714
A-bloodmnist-28px-batchnorm-policy-none-s1,bloodmnist,10,-0.38205203156971645,-0.3534054370067232,-0.3525285004384683
A-bloodmnist-28px-batchnorm-policy-none-s1,bloodmnist,25,-0.3615901783104356,-0.34112832505115465,-0.34522069570301084
A-bloodmnist-28px-batchnorm-policy-none-s1,bloodmnist,50,-0.34229757380882786,-0.3364513300204619,-0.3349897690733704
A-bloodmnist-28px-batchnorm-policy-none-s1,bloodmnist,100,-0.33031277404267756,-0.3349897690733704,-0.3314820228003508
A-bloodmnist-28px-batchnorm-policy-none-s2,bloodmnist,1,-0.5530546623794212,-0.5530546623794212,-0.5530546623794212
A-bloodmnist-28px-batchnorm-policy-none-s2,bloodmnist,2,-0.5641625255773166,-0.5182695118386437,-0.521484945922245
A-bloodmnist-28px-batchnorm-policy-none-s2,bloodmnist,5,-0.5150540777550424,-0.49605378544285295,-0.5007307804735457
A-bloodmnist-28px-batchnorm-policy-none-s2,bloodmnist,10,-0.48494592224495764,-0.48436129786612103,-0.4893306050862321
A-bloodmnist-28px-batchnorm-policy-none-s2,bloodmnist,25,-0.4826074247296112,-0.48640748319204913,-0.4922537269804151
A-bloodmnist-28px-batchnorm-policy-none-s2,bloodmnist,50,-0.48436129786612103,-0.4861151710026308,-0.4922537269804151
A-bloodmnist-28px-batchnorm-policy-none-s2,bloodmnist,100,-0.4861151710026308,-0.4904998538439053,-0.49605378544285295
A-bloodmnist-28px-groupnorm-policy-none-s0,bloodmnist,1,-0.369774919614148,-0.369774919614148,-0.369774919614148
A-bloodmnist-28px-groupnorm-policy-none-s0,bloodmnist,2,-0.36509792458345514,-0.31628178895059933,-0.31482022800350784
A-bloodmnist-28px-groupnorm-policy-none-s0,bloodmnist,5,-0.2686349020754166,-0.2546039169833383,-0.25372698041508335
A-bloodmnist-28px-groupnorm-policy-none-s0,bloodmnist,10,-0.24320374159602465,-0.23355743934522077,-0.2253726980415084
A-bloodmnist-28px-groupnorm-policy-none-s0,bloodmnist,25,-0.22098801520023392,-0.21134171294943005,-0.21251096170710326
A-bloodmnist-28px-groupnorm-policy-none-s0,bloodmnist,50,-0.21397252265419475,-0.2081262788658288,-0.20695703010815558
A-bloodmnist-28px-groupnorm-policy-none-s0,bloodmnist,100,-0.20754165448699213,-0.20315697164571767,-0.20432622040339088
A-bloodmnist-28px-groupnorm-policy-none-s1,bloodmnist,1,-0.3881905875475007,-0.3881905875475007,-0.3881905875475007
A-bloodmnist-28px-groupnorm-policy-none-s1,bloodmnist,2,-0.38731365097924586,-0.32534346682256643,-0.32505115463314815
A-bloodmnist-28px-groupnorm-policy-none-s1,bloodmnist,5,-0.30137386729026594,-0.2844197603040046,-0.28295819935691313
A-bloodmnist-28px-groupnorm-policy-none-s1,bloodmnist,10,-0.2809120140309851,-0.26425021923414205,-0.26425021923414205
A-bloodmnist-28px-groupnorm-policy-none-s1,bloodmnist,25,-0.2528500438468284,-0.24320374159602454,-0.24437299035369775
A-bloodmnist-28px-groupnorm-policy-none-s1,bloodmnist,50,-0.24466530254311603,-0.23560362467114881,-0.23677287342882192
A-bloodmnist-28px-groupnorm-policy-none-s1,bloodmnist,100,-0.24174218064893305,-0.23063431745103768,-0.23268050277696573
A-bloodmnist-28px-groupnorm-policy-none-s2,bloodmnist,1,-0.3855597778427361,-0.3855597778427361,-0.3855597778427361
A-bloodmnist-28px-groupnorm-policy-none-s2,bloodmnist,2,-0.38614440222157265,-0.32797427652733124,-0.3273896521484946
A-bloodmnist-28px-groupnorm-policy-none-s2,bloodmnist,5,-0.3016661794796843,-0.28295819935691324,-0.28412744811458646
A-bloodmnist-28px-groupnorm-policy-none-s2,bloodmnist,10,-0.2820812627886583,-0.2674656533177434,-0.26717334112832514
A-bloodmnist-28px-groupnorm-policy-none-s2,bloodmnist,25,-0.2598655363928676,-0.2546039169833383,-0.25781935106693954
A-bloodmnist-28px-groupnorm-policy-none-s2,bloodmnist,50,-0.2610347851505408,-0.2519731072785736,-0.2557731657410114
A-bloodmnist-28px-groupnorm-policy-none-s2,bloodmnist,100,-0.2566501023092663,-0.2502192341420637,-0.25752703887752126
A-bloodmnist-64px-batchnorm-policy-none-s0,bloodmnist,1,-0.5632855890090617,-0.5632855890090617,-0.5632855890090617
A-bloodmnist-64px-batchnorm-policy-none-s0,bloodmnist,2,-0.6220403390821396,-0.5618240280619702,-0.5624086524408067
A-bloodmnist-64px-batchnorm-policy-none-s0,bloodmnist,5,-0.555685472084186,-0.5328851213095586,-0.5238234434375914
A-bloodmnist-64px-batchnorm-policy-none-s0,bloodmnist,10,-0.5390236772873429,-0.5337620578778135,-0.5229465068693364
A-bloodmnist-64px-batchnorm-policy-none-s0,bloodmnist,25,-0.5179771996492253,-0.5346389944460683,-0.5109617071031862
A-bloodmnist-64px-batchnorm-policy-none-s0,bloodmnist,50,-0.5203156971645717,-0.5358082432037417,-0.5150540777550423
A-bloodmnist-64px-batchnorm-policy-none-s0,bloodmnist,100,-0.5244080678164279,-0.5457468576439637,-0.5238234434375914
A-bloodmnist-64px-batchnorm-policy-none-s1,bloodmnist,1,-0.6410406313943291,-0.6410406313943291,-0.6410406313943291
A-bloodmnist-64px-batchnorm-policy-none-s1,bloodmnist,2,-0.7266881028938906,-0.6559485530546624,-0.6541946799181526
A-bloodmnist-64px-batchnorm-policy-none-s1,bloodmnist,5,-0.6717334112832505,-0.6547793042969892,-0.6425021923414207
A-bloodmnist-64px-batchnorm-policy-none-s1,bloodmnist,10,-0.6626717334112833,-0.6553639286758257,-0.6439637532885121
A-bloodmnist-64px-batchnorm-policy-none-s1,bloodmnist,25,-0.6632563577901198,-0.6708564747149957,-0.655656240865244
A-bloodmnist-64px-batchnorm-policy-none-s1,bloodmnist,50,-0.6536100555393161,-0.6784565916398714,-0.6609178602747734
A-bloodmnist-64px-batchnorm-policy-none-s1,bloodmnist,100,-0.6629640456007015,-0.6851797719964923,-0.6679333528208127
A-bloodmnist-64px-batchnorm-policy-none-s2,bloodmnist,1,-0.557731657410114,-0.557731657410114,-0.557731657410114
A-bloodmnist-64px-batchnorm-policy-none-s2,bloodmnist,2,-0.6436714410990938,-0.5460391698333821,-0.5457468576439637
A-bloodmnist-64px-batchnorm-policy-none-s2,bloodmnist,5,-0.5384390529085064,-0.515638702133879,-0.5024846536100556
A-bloodmnist-64px-batchnorm-policy-none-s2,bloodmnist,10,-0.4983922829581994,-0.512715580239696,-0.4969307220111079
A-bloodmnist-64px-batchnorm-policy-none-s2,bloodmnist,25,-0.4717918737211342,-0.5024846536100556,-0.4904998538439053
A-bloodmnist-64px-batchnorm-policy-none-s2,bloodmnist,50,-0.4682841274481146,-0.5103770827243497,-0.49108447822274187
A-bloodmnist-64px-batchnorm-policy-none-s2,bloodmnist,100,-0.4662379421221865,-0.5109617071031862,-0.4948845366851798
A-bloodmnist-64px-groupnorm-policy-none-s0,bloodmnist,1,-0.509792458345513,-0.509792458345513,-0.509792458345513
A-bloodmnist-64px-groupnorm-policy-none-s0,bloodmnist,2,-0.582285881321251,-0.48494592224495764,-0.48436129786612103
A-bloodmnist-64px-groupnorm-policy-none-s0,bloodmnist,5,-0.5045308389359836,-0.47062262496346097,-0.46799181525869626
A-bloodmnist-64px-groupnorm-policy-none-s0,bloodmnist,10,-0.49108447822274187,-0.4717918737211342,-0.4712072493422976
A-bloodmnist-64px-groupnorm-policy-none-s0,bloodmnist,25,-0.4758842443729904,-0.4688687518269512,-0.4668225665010231
A-bloodmnist-64px-groupnorm-policy-none-s0,bloodmnist,50,-0.47529961999415377,-0.4717918737211342,-0.4717918737211342
A-bloodmnist-64px-groupnorm-policy-none-s0,bloodmnist,100,-0.47003800058462436,-0.46857643963753287,-0.467699503069278
A-bloodmnist-64px-groupnorm-policy-none-s1,bloodmnist,1,-0.4606840105232388,-0.4606840105232388,-0.4606840105232388
A-bloodmnist-64px-groupnorm-policy-none-s1,bloodmnist,2,-0.5320081847413037,-0.4200526161940953,-0.42297573808827826
A-bloodmnist-64px-groupnorm-policy-none-s1,bloodmnist,5,-0.44986845951476173,-0.4066062554808536,-0.41508330897398427
A-bloodmnist-64px-groupnorm-policy-none-s1,bloodmnist,10,-0.43379128909675535,-0.3896521484945923,-0.39783688979830456
A-bloodmnist-64px-groupnorm-policy-none-s1,bloodmnist,25,-0.4104063139432914,-0.38088278281204324,-0.39520608009353986
A-bloodmnist-64px-groupnorm-policy-none-s1,bloodmnist,50,-0.40046769950306926,-0.37708272434960544,-0.3905290850628471
A-bloodmnist-64px-groupnorm-policy-none-s1,bloodmnist,100,-0.3975445776088863,-0.3706518561824028,-0.38585209003215437
A-bloodmnist-64px-groupnorm-policy-none-s2,bloodmnist,1,-0.5346389944460683,-0.5346389944460683,-0.5346389944460683
A-bloodmnist-64px-groupnorm-policy-none-s2,bloodmnist,2,-0.5936860567085647,-0.509792458345513,-0.5115463314820228
A-bloodmnist-64px-groupnorm-policy-none-s2,bloodmnist,5,-0.551885413621748,-0.5293773750365389,-0.5320081847413036
A-bloodmnist-64px-groupnorm-policy-none-s2,bloodmnist,10,-0.5779011984799767,-0.546039169833382,-0.5507161648640748
A-bloodmnist-64px-groupnorm-policy-none-s2,bloodmnist,25,-0.5705933937445191,-0.5583162817889507,-0.5612394036831336
A-bloodmnist-64px-groupnorm-policy-none-s2,bloodmnist,50,-0.5787781350482315,-0.5662087109032446,-0.5700087693656826
A-bloodmnist-64px-groupnorm-policy-none-s2,bloodmnist,100,-0.579362759427068,-0.5720549546916106,-0.5735165156387021
A-pathmnist-28px-batchnorm-policy-none-s0,pathmnist,1,-0.3816155988857939,-0.3816155988857939,-0.3816155988857939
A-pathmnist-28px-batchnorm-policy-none-s0,pathmnist,2,-0.4025069637883008,-0.3136490250696379,-0.3144846796657382
A-pathmnist-28px-batchnorm-policy-none-s0,pathmnist,5,-0.32938718662952643,-0.26935933147632307,-0.2835654596100279
A-pathmnist-28px-batchnorm-policy-none-s0,pathmnist,10,-0.29038997214484674,-0.22966573816155988,-0.24805013927576602
A-pathmnist-28px-batchnorm-policy-none-s0,pathmnist,25,-0.24233983286908078,-0.19568245125348194,-0.2057103064066852
A-pathmnist-28px-batchnorm-policy-none-s0,pathmnist,50,-0.21253481894150417,-0.18704735376044568,-0.18760445682451254
A-pathmnist-28px-batchnorm-policy-none-s0,pathmnist,100,-0.19735376044568242,-0.18217270194986068,-0.1837047353760446
A-pathmnist-28px-batchnorm-policy-none-s1,pathmnist,1,-0.4388579387186629,-0.4388579387186629,-0.4388579387186629
A-pathmnist-28px-batchnorm-policy-none-s1,pathmnist,2,-0.44150417827298044,-0.40417827298050135,-0.40417827298050135
A-pathmnist-28px-batchnorm-policy-none-s1,pathmnist,5,-0.44456824512534815,-0.41587743732590526,-0.4225626740947075
A-pathmnist-28px-batchnorm-policy-none-s1,pathmnist,10,-0.4267409470752089,-0.4100278551532033,-0.42047353760445677
A-pathmnist-28px-batchnorm-policy-none-s1,pathmnist,25,-0.4344011142061281,-0.40529247910863503,-0.4132311977715877
A-pathmnist-28px-batchnorm-policy-none-s1,pathmnist,50,-0.4228412256267409,-0.39568245125348184,-0.4022284122562674
A-pathmnist-28px-batchnorm-policy-none-s1,pathmnist,100,-0.4193593314763231,-0.3880222841225626,-0.39456824512534816
A-pathmnist-28px-batchnorm-policy-none-s2,pathmnist,1,-0.48857938718662947,-0.48857938718662947,-0.48857938718662947
A-pathmnist-28px-batchnorm-policy-none-s2,pathmnist,2,-0.5033426183844011,-0.461142061281337,-0.4615598885793871
A-pathmnist-28px-batchnorm-policy-none-s2,pathmnist,5,-0.4653203342618384,-0.4338440111420612,-0.43913649025069634
A-pathmnist-28px-batchnorm-policy-none-s2,pathmnist,10,-0.44233983286908074,-0.4239554317548746,-0.4231197771587743
A-pathmnist-28px-batchnorm-policy-none-s2,pathmnist,25,-0.42548746518105846,-0.42688022284122557,-0.4215877437325905
A-pathmnist-28px-batchnorm-policy-none-s2,pathmnist,50,-0.4239554317548746,-0.428133704735376,-0.4227019498607242
A-pathmnist-28px-batchnorm-policy-none-s2,pathmnist,100,-0.42228412256267406,-0.4284122562674094,-0.42339832869080773
A-pathmnist-28px-groupnorm-policy-none-s0,pathmnist,1,-0.5505571030640668,-0.5505571030640668,-0.5505571030640668
A-pathmnist-28px-groupnorm-policy-none-s0,pathmnist,2,-0.5498607242339832,-0.5033426183844011,-0.5026462395543175
A-pathmnist-28px-groupnorm-policy-none-s0,pathmnist,5,-0.525766016713092,-0.48662952646239555,-0.49930362116991645
A-pathmnist-28px-groupnorm-policy-none-s0,pathmnist,10,-0.49749303621169916,-0.46225626740947073,-0.47116991643454037
A-pathmnist-28px-groupnorm-policy-none-s0,pathmnist,25,-0.4798050139275766,-0.4501392757660167,-0.45487465181058495
A-pathmnist-28px-groupnorm-policy-none-s0,pathmnist,50,-0.4646239554317549,-0.4413649025069638,-0.4423398328690808
A-pathmnist-28px-groupnorm-policy-none-s0,pathmnist,100,-0.45278551532033423,-0.4362116991643454,-0.43690807799442893
A-pathmnist-28px-groupnorm-policy-none-s1,pathmnist,1,-0.5569637883008357,-0.5569637883008357,-0.5569637883008357
A-pathmnist-28px-groupnorm-policy-none-s1,pathmnist,2,-0.5387186629526463,-0.5096100278551532,-0.5101671309192202
A-pathmnist-28px-groupnorm-policy-none-s1,pathmnist,5,-0.5246518105849582,-0.4909470752089137,-0.5047353760445683
A-pathmnist-28px-groupnorm-policy-none-s1,pathmnist,10,-0.5037604456824513,-0.4772980501392758,-0.48551532033426187
A-pathmnist-28px-groupnorm-policy-none-s1,pathmnist,25,-0.49275766016713096,-0.47284122562674097,-0.4750696378830084
A-pathmnist-28px-groupnorm-policy-none-s1,pathmnist,50,-0.483983286908078,-0.4688022284122563,-0.4717270194986073
A-pathmnist-28px-groupnorm-policy-none-s1,pathmnist,100,-0.47701949860724235,-0.4688022284122563,-0.46935933147632314
A-pathmnist-28px-groupnorm-policy-none-s2,pathmnist,1,-0.5506963788300836,-0.5506963788300836,-0.5506963788300836
A-pathmnist-28px-groupnorm-policy-none-s2,pathmnist,2,-0.5456824512534819,-0.5119777158774372,-0.5111420612813371
A-pathmnist-28px-groupnorm-policy-none-s2,pathmnist,5,-0.5254874651810585,-0.49944289693593313,-0.5076601671309192
A-pathmnist-28px-groupnorm-policy-none-s2,pathmnist,10,-0.5065459610027855,-0.48621169916434537,-0.48997214484679663
A-pathmnist-28px-groupnorm-policy-none-s2,pathmnist,25,-0.4945682451253482,-0.48621169916434537,-0.48384401114206127
A-pathmnist-28px-groupnorm-policy-none-s2,pathmnist,50,-0.4933147632311978,-0.4909470752089136,-0.48718662952646236
A-pathmnist-28px-groupnorm-policy-none-s2,pathmnist,100,-0.4906685236768802,-0.4928969359331476,-0.48579387186629525
A-pathmnist-64px-batchnorm-policy-none-s0,pathmnist,1,-0.3948467966573816,-0.3948467966573816,-0.3948467966573816
A-pathmnist-64px-batchnorm-policy-none-s0,pathmnist,2,-0.41448467966573815,-0.3811977715877437,-0.3811977715877437
A-pathmnist-64px-batchnorm-policy-none-s0,pathmnist,5,-0.38189415041782726,-0.36922005571030636,-0.36922005571030636
A-pathmnist-64px-batchnorm-policy-none-s0,pathmnist,10,-0.3651810584958217,-0.3600278551532033,-0.36462395543175485
A-pathmnist-64px-batchnorm-policy-none-s0,pathmnist,25,-0.3651810584958217,-0.37144846796657377,-0.37311977715877437
A-pathmnist-64px-batchnorm-policy-none-s0,pathmnist,50,-0.35961002785515317,-0.37228412256267407,-0.3735376044568245
A-pathmnist-64px-batchnorm-policy-none-s0,pathmnist,100,-0.36016713091922004,-0.3759052924791086,-0.37409470752089136
A-pathmnist-64px-batchnorm-policy-none-s1,pathmnist,1,-0.44874651810584953,-0.44874651810584953,-0.44874651810584953
A-pathmnist-64px-batchnorm-policy-none-s1,pathmnist,2,-0.4842618384401114,-0.43050139275766014,-0.42966573816155984
A-pathmnist-64px-batchnorm-policy-none-s1,pathmnist,5,-0.45738161559888574,-0.4211699164345403,-0.42144846796657376
A-pathmnist-64px-batchnorm-policy-none-s1,pathmnist,10,-0.43412256267409466,-0.40097493036211695,-0.4069637883008356
A-pathmnist-64px-batchnorm-policy-none-s1,pathmnist,25,-0.41782729805013924,-0.3898328690807799,-0.3944289693593314
A-pathmnist-64px-batchnorm-policy-none-s1,pathmnist,50,-0.40640668523676876,-0.3814763231197771,-0.3895543175487465
A-pathmnist-64px-batchnorm-policy-none-s1,pathmnist,100,-0.4012534818941504,-0.37785515320334256,-0.3866295264623955
A-pathmnist-64px-batchnorm-policy-none-s2,pathmnist,1,-0.5133704735376043,-0.5133704735376043,-0.5133704735376043
A-pathmnist-64px-batchnorm-policy-none-s2,pathmnist,2,-0.5451253481894149,-0.46462395543175483,-0.4633704735376044
A-pathmnist-64px-batchnorm-policy-none-s2,pathmnist,5,-0.46908077994428965,-0.43008356545961,-0.43064066852367683
A-pathmnist-64px-batchnorm-policy-none-s2,pathmnist,10,-0.44011142061281333,-0.4077994428969359,-0.4048746518105849
A-pathmnist-64px-batchnorm-policy-none-s2,pathmnist,25,-0.4097493036211699,-0.39958217270194984,-0.3935933147632312
A-pathmnist-64px-batchnorm-policy-none-s2,pathmnist,50,-0.39777158774373256,-0.39791086350974925,-0.39345403899721443
A-pathmnist-64px-batchnorm-policy-none-s2,pathmnist,100,-0.3917827298050139,-0.39442896935933147,-0.3871866295264624
A-pathmnist-64px-groupnorm-policy-none-s0,pathmnist,1,-0.5388579387186629,-0.5388579387186629,-0.5388579387186629
A-pathmnist-64px-groupnorm-policy-none-s0,pathmnist,2,-0.5263231197771587,-0.5030640668523677,-0.5045961002785515
A-pathmnist-64px-groupnorm-policy-none-s0,pathmnist,5,-0.5149025069637883,-0.4848189415041783,-0.49303621169916434
A-pathmnist-64px-groupnorm-policy-none-s0,pathmnist,10,-0.48746518105849584,-0.46796657381615603,-0.4704735376044568
A-pathmnist-64px-groupnorm-policy-none-s0,pathmnist,25,-0.4694986072423398,-0.44749303621169917,-0.4562674094707521
A-pathmnist-64px-groupnorm-policy-none-s0,pathmnist,50,-0.45348189415041784,-0.44080779944289694,-0.4437325905292479
A-pathmnist-64px-groupnorm-policy-none-s0,pathmnist,100,-0.44623955431754875,-0.43105849582172706,-0.4373259052924791
A-pathmnist-64px-groupnorm-policy-none-s1,pathmnist,1,-0.566991643454039,-0.566991643454039,-0.566991643454039
A-pathmnist-64px-groupnorm-policy-none-s1,pathmnist,2,-0.566016713091922,-0.5459610027855153,-0.547075208913649
A-pathmnist-64px-groupnorm-policy-none-s1,pathmnist,5,-0.5537604456824512,-0.5342618384401114,-0.5389972144846796
A-pathmnist-64px-groupnorm-policy-none-s1,pathmnist,10,-0.5401114206128134,-0.5278551532033426,-0.5331476323119777
A-pathmnist-64px-groupnorm-policy-none-s1,pathmnist,25,-0.5303621169916435,-0.5186629526462395,-0.5231197771587743
A-pathmnist-64px-groupnorm-policy-none-s1,pathmnist,50,-0.5232590529247911,-0.515041782729805,-0.5192200557103064
A-pathmnist-64px-groupnorm-policy-none-s1,pathmnist,100,-0.5188022284122562,-0.5135097493036211,-0.5175487465181059
A-pathmnist-64px-groupnorm-policy-none-s2,pathmnist,1,-0.560724233983287,-0.560724233983287,-0.560724233983287
A-pathmnist-64px-groupnorm-policy-none-s2,pathmnist,2,-0.5646239554317549,-0.5256267409470752,-0.5259052924791087
A-pathmnist-64px-groupnorm-policy-none-s2,pathmnist,5,-0.5462395543175488,-0.5034818941504178,-0.5142061281337047
A-pathmnist-64px-groupnorm-policy-none-s2,pathmnist,10,-0.5224233983286908,-0.4955431754874652,-0.5011142061281337
A-pathmnist-64px-groupnorm-policy-none-s2,pathmnist,25,-0.5110027855153203,-0.4880222841225627,-0.4933147632311978
A-pathmnist-64px-groupnorm-policy-none-s2,pathmnist,50,-0.5040389972144848,-0.4837047353760446,-0.48830083565459614
A-pathmnist-64px-groupnorm-policy-none-s2,pathmnist,100,-0.49916434540389976,-0.47841225626740946,-0.4853760445682451
B-bloodmnist-28px-batchnorm-policy-matched_mixed-s0,bloodmnist,1,-0.012861736334405127,-0.012861736334405127,-0.012861736334405127
B-bloodmnist-28px-batchnorm-policy-matched_mixed-s0,bloodmnist,2,-0.02543116047939198,0.0005846243788365513,-0.00029231218941827564
B-bloodmnist-28px-batchnorm-policy-matched_mixed-s0,bloodmnist,5,0.0014615609470914892,0.00701549254603917,0.007600116924875722
B-bloodmnist-28px-batchnorm-policy-matched_mixed-s0,bloodmnist,10,0.0005846243788365513,0.00847705349313066,0.00847705349313066
B-bloodmnist-28px-batchnorm-policy-matched_mixed-s0,bloodmnist,25,0.010230926629640424,0.012569424144986852,0.012277111955568576
B-bloodmnist-28px-batchnorm-policy-matched_mixed-s0,bloodmnist,50,0.009646302250803873,0.011107863197895362,0.011107863197895362
B-bloodmnist-28px-batchnorm-policy-matched_mixed-s0,bloodmnist,100,0.0105232388190587,0.013738672902660065,0.012861736334405127
B-bloodmnist-28px-batchnorm-policy-matched_mixed-s1,bloodmnist,1,0.0011692487576732136,0.0011692487576732136,0.0011692487576732136
B-bloodmnist-28px-batchnorm-policy-matched_mixed-s1,bloodmnist,2,0.014323297281496616,0.01549254603916983,0.01607717041800638
B-bloodmnist-28px-batchnorm-policy-matched_mixed-s1,bloodmnist,5,0.022508038585209,0.022508038585209,0.022215726395790725
B-bloodmnist-28px-batchnorm-policy-matched_mixed-s1,bloodmnist,10,0.028354282373574957,0.02806197018415668,0.028354282373574957
B-bloodmnist-28px-batchnorm-policy-matched_mixed-s1,bloodmnist,25,0.026600409237065192,0.02806197018415668,0.02806197018415668
B-bloodmnist-28px-batchnorm-policy-matched_mixed-s1,bloodmnist,50,0.029231218941829895,0.030108155510084722,0.02952353113124817
B-bloodmnist-28px-batchnorm-policy-matched_mixed-s1,bloodmnist,100,0.030108155510084722,0.030400467699502998,0.02952353113124817
B-bloodmnist-28px-batchnorm-policy-matched_mixed-s2,bloodmnist,1,-0.011400175387313638,-0.011400175387313638,-0.011400175387313638
B-bloodmnist-28px-batchnorm-policy-matched_mixed-s2,bloodmnist,2,-0.00496930722011113,-0.002338497515346427,-0.002338497515346427
B-bloodmnist-28px-batchnorm-policy-matched_mixed-s2,bloodmnist,5,0.0,0.0026308097047647028,0.0020461853259280405
B-bloodmnist-28px-batchnorm-policy-matched_mixed-s2,bloodmnist,10,0.0052616194095294055,0.0026308097047647028,0.003215434083601254
B-bloodmnist-28px-batchnorm-policy-matched_mixed-s2,bloodmnist,25,0.004092370651856192,0.002338497515346427,0.0026308097047647028
B-bloodmnist-28px-batchnorm-policy-matched_mixed-s2,bloodmnist,50,0.004092370651856192,0.0035077462730196407,0.0035077462730196407
B-bloodmnist-28px-batchnorm-policy-matched_mixed-s2,bloodmnist,100,0.004092370651856192,0.003215434083601254,0.0038000584624379163
B-pathmnist-28px-batchnorm-policy-matched_mixed-s0,pathmnist,1,-0.0537604456824512,-0.0537604456824512,-0.0537604456824512
B-pathmnist-28px-batchnorm-policy-matched_mixed-s0,pathmnist,2,-0.06183844011142059,-0.02813370473537602,-0.028272980501392708
B-pathmnist-28px-batchnorm-policy-matched_mixed-s0,pathmnist,5,-0.030222841225626684,-0.01671309192200554,-0.02214484679665729
B-pathmnist-28px-batchnorm-policy-matched_mixed-s0,pathmnist,10,-0.020334261838440004,-0.012256267409470722,-0.015738161559888497
B-pathmnist-28px-batchnorm-policy-matched_mixed-s0,pathmnist,25,-0.016016713091921986,-0.009888579387186569,-0.011838440111420545
B-pathmnist-28px-batchnorm-policy-matched_mixed-s0,pathmnist,50,-0.012952646239554277,-0.00821727019498597,-0.012116991643454034
B-pathmnist-28px-batchnorm-policy-matched_mixed-s0,pathmnist,100,-0.0125348189415041,-0.006545961002785483,-0.009888579387186569
B-pathmnist-28px-batchnorm-policy-matched_mixed-s1,pathmnist,1,0.007938718662952593,0.007938718662952593,0.007938718662952593
B-pathmnist-28px-batchnorm-policy-matched_mixed-s1,pathmnist,2,0.005431754874651751,0.027576601671309153,0.02785515320334253
B-pathmnist-28px-batchnorm-policy-matched_mixed-s1,pathmnist,5,0.0268802228412256,0.03189415041782728,0.031476323119777105
B-pathmnist-28px-batchnorm-policy-matched_mixed-s1,pathmnist,10,0.03328690807799439,0.034122562674094636,0.034540389972144814
B-pathmnist-28px-batchnorm-policy-matched_mixed-s1,pathmnist,25,0.0378830083565459,0.03913649025069632,0.038440111420612766
B-pathmnist-28px-batchnorm-policy-matched_mixed-s1,pathmnist,50,0.04025069637883005,0.04080779944289692,0.04094707520891361
B-pathmnist-28px-batchnorm-policy-matched_mixed-s1,pathmnist,100,0.039972144846796676,0.0395543175487465,0.0395543175487465
B-pathmnist-28px-batchnorm-policy-matched_mixed-s2,pathmnist,1,-0.028690807799442886,-0.028690807799442886,-0.028690807799442886
B-pathmnist-28px-batchnorm-policy-matched_mixed-s2,pathmnist,2,-0.04345403899721445,-0.007381615598885727,-0.00849582172701946
B-pathmnist-28px-batchnorm-policy-matched_mixed-s2,pathmnist,5,0.0022284122562674646,0.00849582172701957,0.007799442896936015
B-pathmnist-28px-batchnorm-policy-matched_mixed-s2,pathmnist,10,0.005849582172702039,0.01406685236768801,0.014484679665738187
B-pathmnist-28px-batchnorm-policy-matched_mixed-s2,pathmnist,25,0.014763231197771676,0.01545961002785523,0.015738161559888608
B-pathmnist-28px-batchnorm-policy-matched_mixed-s2,pathmnist,50,0.016573816155988852,0.01838440111420614,0.017966573816156073
B-pathmnist-28px-batchnorm-policy-matched_mixed-s2,pathmnist,100,0.016016713091921986,0.017827298050139273,0.017409470752089207
C-dermamnist-28px-resnet18-batchnorm-policy-none-s0,dermamnist,1,-0.07880299251870326,-0.07880299251870326,-0.07880299251870326
C-dermamnist-28px-resnet18-batchnorm-policy-none-s0,dermamnist,2,-0.12019950124688283,-0.04089775561097264,-0.03790523690773073
C-dermamnist-28px-resnet18-batchnorm-policy-none-s0,dermamnist,5,-0.04289276807980058,-0.02144638403990029,-0.02044887780548632
C-dermamnist-28px-resnet18-batchnorm-policy-none-s0,dermamnist,10,-0.012967581047381604,0.0009975062344139696,0.0
C-dermamnist-28px-resnet18-batchnorm-policy-none-s0,dermamnist,25,-0.009975062344139696,-0.0004987531172070403,-0.0004987531172070403
C-dermamnist-28px-resnet18-batchnorm-policy-none-s0,dermamnist,50,-0.007980049875311757,-0.0014962593516210099,0.0024937655860348684
C-dermamnist-28px-resnet18-batchnorm-policy-none-s0,dermamnist,100,-0.0004987531172070403,-0.0009975062344139696,0.0009975062344139696
C-dermamnist-28px-resnet18-batchnorm-policy-none-s1,dermamnist,1,-0.04638403990024942,-0.04638403990024942,-0.04638403990024942
C-dermamnist-28px-resnet18-batchnorm-policy-none-s1,dermamnist,2,-0.03840399002493766,-0.03790523690773073,-0.03890274314214459
C-dermamnist-28px-resnet18-batchnorm-policy-none-s1,dermamnist,5,-0.03640897755610972,-0.03541147132169575,-0.03541147132169575
C-dermamnist-28px-resnet18-batchnorm-policy-none-s1,dermamnist,10,-0.027930174563591037,-0.029925187032418976,-0.029925187032418976
C-dermamnist-28px-resnet18-batchnorm-policy-none-s1,dermamnist,25,-0.02144638403990029,-0.031920199501246915,-0.030423940149625905
C-dermamnist-28px-resnet18-batchnorm-policy-none-s1,dermamnist,50,-0.02244389027431426,-0.029925187032418976,-0.028927680798005007
C-dermamnist-28px-resnet18-batchnorm-policy-none-s1,dermamnist,100,-0.02194513715710722,-0.031421446384039875,-0.029925187032418976
C-dermamnist-28px-resnet18-batchnorm-policy-none-s2,dermamnist,1,-0.06882793017456357,-0.06882793017456357,-0.06882793017456357
C-dermamnist-28px-resnet18-batchnorm-policy-none-s2,dermamnist,2,-0.09127182044887783,-0.030423940149625905,-0.031421446384039875
C-dermamnist-28px-resnet18-batchnorm-policy-none-s2,dermamnist,5,-0.028428927680797966,-0.013965087281795574,-0.01795511221945134
C-dermamnist-28px-resnet18-batchnorm-policy-none-s2,dermamnist,10,-0.012468827930174564,-0.0059850374064838174,-0.003990024937655878
C-dermamnist-28px-resnet18-batchnorm-policy-none-s2,dermamnist,25,-0.001995012468827939,-0.005486284289276777,-0.0009975062344139696
C-dermamnist-28px-resnet18-batchnorm-policy-none-s2,dermamnist,50,-0.0059850374064838174,-0.003491271820448838,0.0004987531172069293
C-dermamnist-28px-resnet18-batchnorm-policy-none-s2,dermamnist,100,0.0024937655860348684,0.0004987531172069293,0.0024937655860348684
D-bloodmnist-128px-batchnorm-policy-none-s0,bloodmnist,1,-0.6083016661794798,-0.6083016661794798,-0.6083016661794798
D-bloodmnist-128px-batchnorm-policy-none-s0,bloodmnist,2,-0.7149956153171587,-0.6205787781350482,-0.6199941537562117
D-bloodmnist-128px-batchnorm-policy-none-s0,bloodmnist,5,-0.6293481438175972,-0.614440222157264,-0.6027477345805321
D-bloodmnist-128px-batchnorm-policy-none-s0,bloodmnist,10,-0.6068401052323882,-0.6126863490207541,-0.5974861151710027
D-bloodmnist-128px-batchnorm-policy-none-s0,bloodmnist,25,-0.596901490792166,-0.6179479684302835,-0.6004092370651857
D-bloodmnist-128px-batchnorm-policy-none-s0,bloodmnist,50,-0.5875475007307804,-0.617363344051447,-0.5974861151710027
D-bloodmnist-128px-batchnorm-policy-none-s0,bloodmnist,100,-0.5834551300789244,-0.619409529377375,-0.6042092955276235
D-bloodmnist-128px-batchnorm-policy-none-s1,bloodmnist,1,-0.5255773165741011,-0.5255773165741011,-0.5255773165741011
D-bloodmnist-128px-batchnorm-policy-none-s1,bloodmnist,2,-0.6237942122186495,-0.5489622917275652,-0.5492546039169834
D-bloodmnist-128px-batchnorm-policy-none-s1,bloodmnist,5,-0.5422391113709442,-0.5252850043846828,-0.5150540777550424
D-bloodmnist-128px-batchnorm-policy-none-s1,bloodmnist,10,-0.5247003800058463,-0.5255773165741011,-0.5124232680502778
D-bloodmnist-128px-batchnorm-policy-none-s1,bloodmnist,25,-0.5135925168079509,-0.5323004969307221,-0.5135925168079509
D-bloodmnist-128px-batchnorm-policy-none-s1,bloodmnist,50,-0.5033615901783105,-0.5299619994153757,-0.5118386436714412
D-bloodmnist-128px-batchnorm-policy-none-s1,bloodmnist,100,-0.5042385267465654,-0.5334697456883952,-0.5162233265127156
D-bloodmnist-128px-batchnorm-policy-none-s2,bloodmnist,1,-0.6080093539900613,-0.6080093539900613,-0.6080093539900613
D-bloodmnist-128px-batchnorm-policy-none-s2,bloodmnist,2,-0.6749488453668517,-0.6351943876059631,-0.6343174510377082
D-bloodmnist-128px-batchnorm-policy-none-s2,bloodmnist,5,-0.6144402221572639,-0.616486407483192,-0.6062554808535515
D-bloodmnist-128px-batchnorm-policy-none-s2,bloodmnist,10,-0.601870798012277,-0.6258403975445775,-0.6112247880736627
D-bloodmnist-128px-batchnorm-policy-none-s2,bloodmnist,25,-0.6138555977784272,-0.6354866997953814,-0.625255773165741
D-bloodmnist-128px-batchnorm-policy-none-s2,bloodmnist,50,-0.6217480268927214,-0.6381175095001461,-0.6322712657117802
D-bloodmnist-128px-batchnorm-policy-none-s2,bloodmnist,100,-0.6296404560070155,-0.6375328851213096,-0.6316866413329436
D-pathmnist-128px-batchnorm-policy-none-s0,pathmnist,1,-0.2958217270194986,-0.2958217270194986,-0.2958217270194986
D-pathmnist-128px-batchnorm-policy-none-s0,pathmnist,2,-0.2954038997214485,-0.278133704735376,-0.2775766016713092
D-pathmnist-128px-batchnorm-policy-none-s0,pathmnist,5,-0.2913649025069638,-0.2852367688022284,-0.2809192200557103
D-pathmnist-128px-batchnorm-policy-none-s0,pathmnist,10,-0.28467966573816156,-0.2743732590529248,-0.27604456824512535
D-pathmnist-128px-batchnorm-policy-none-s0,pathmnist,25,-0.29094707520891366,-0.27604456824512535,-0.2764623955431755
D-pathmnist-128px-batchnorm-policy-none-s0,pathmnist,50,-0.29303621169916433,-0.27298050139275765,-0.27506963788300837
D-pathmnist-128px-batchnorm-policy-none-s0,pathmnist,100,-0.30696378830083565,-0.2753481894150418,-0.27924791086350975
D-pathmnist-128px-batchnorm-policy-none-s1,pathmnist,1,-0.4284122562674095,-0.4284122562674095,-0.4284122562674095
D-pathmnist-128px-batchnorm-policy-none-s1,pathmnist,2,-0.45515320334261833,-0.40055710306406683,-0.4015320334261838
D-pathmnist-128px-batchnorm-policy-none-s1,pathmnist,5,-0.45264623955431754,-0.42228412256267406,-0.42827298050139273
D-pathmnist-128px-batchnorm-policy-none-s1,pathmnist,10,-0.4473537604456824,-0.4193593314763231,-0.4228412256267409
D-pathmnist-128px-batchnorm-policy-none-s1,pathmnist,25,-0.43579387186629526,-0.4196378830083565,-0.42005571030640665
D-pathmnist-128px-batchnorm-policy-none-s1,pathmnist,50,-0.431058495821727,-0.4157381615598886,-0.41685236768802225
D-pathmnist-128px-batchnorm-policy-none-s1,pathmnist,100,-0.4292479108635097,-0.41350974930362117,-0.4151810584958217
D-pathmnist-128px-batchnorm-policy-none-s2,pathmnist,1,-0.4779944289693593,-0.4779944289693593,-0.4779944289693593
D-pathmnist-128px-batchnorm-policy-none-s2,pathmnist,2,-0.4959610027855153,-0.4523676880222841,-0.4512534818941504
D-pathmnist-128px-batchnorm-policy-none-s2,pathmnist,5,-0.4605849582172702,-0.4321727019498607,-0.4376044568245125
D-pathmnist-128px-batchnorm-policy-none-s2,pathmnist,10,-0.4383008356545961,-0.41350974930362117,-0.4175487465181058
D-pathmnist-128px-batchnorm-policy-none-s2,pathmnist,25,-0.4181058495821727,-0.39442896935933147,-0.3991643454038997
D-pathmnist-128px-batchnorm-policy-none-s2,pathmnist,50,-0.40724233983286906,-0.3831476323119777,-0.38704735376044563
D-pathmnist-128px-batchnorm-policy-none-s2,pathmnist,100,-0.3930362116991643,-0.3729805013927576,-0.37242339832869076
