run_id,dataset,n_views,anchored_delta_accuracy,anchored_harm_rate,anchored_rescue_rate,anchored_accuracy
A-bloodmnist-28px-batchnorm-policy-none-s0,bloodmnist,1,-0.13592516807950894,0.18315018315018314,0.20334928229665072,0.7418883367436422
A-bloodmnist-28px-batchnorm-policy-none-s0,bloodmnist,2,-0.1882490499853844,0.25274725274725274,0.2751196172248804,0.6895644548377667
A-bloodmnist-28px-batchnorm-policy-none-s0,bloodmnist,5,-0.24612686349020751,0.32367632367632365,0.31100478468899523,0.6316866413329436
A-bloodmnist-28px-batchnorm-policy-none-s0,bloodmnist,10,-0.25109617071031864,0.32667332667332666,0.291866028708134,0.6267173341128325
A-bloodmnist-28px-batchnorm-policy-none-s0,bloodmnist,25,-0.27448114586378247,0.35064935064935066,0.2727272727272727,0.6033323589593687
A-bloodmnist-28px-batchnorm-policy-none-s0,bloodmnist,50,-0.2861736334405145,0.36363636363636365,0.2703349282296651,0.5916398713826366
A-bloodmnist-28px-batchnorm-policy-none-s0,bloodmnist,100,-0.2797427652733119,0.3573093573093573,0.27751196172248804,0.5980707395498392
A-bloodmnist-28px-batchnorm-policy-none-s1,bloodmnist,1,-0.07629348143817605,0.1079857743291303,0.2225609756097561,0.827828120432622
A-bloodmnist-28px-batchnorm-policy-none-s1,bloodmnist,2,-0.16515638702133884,0.21144519883608148,0.27134146341463417,0.7389652148494592
A-bloodmnist-28px-batchnorm-policy-none-s1,bloodmnist,5,-0.25343466822566507,0.31037827352085356,0.28353658536585363,0.650686933645133
A-bloodmnist-28px-batchnorm-policy-none-s1,bloodmnist,10,-0.27097339959076294,0.3359198189460071,0.34146341463414637,0.6331482022800351
A-bloodmnist-28px-batchnorm-policy-none-s1,bloodmnist,25,-0.3083893598363052,0.3763336566440349,0.3323170731707317,0.5957322420344928
A-bloodmnist-28px-batchnorm-policy-none-s1,bloodmnist,50,-0.31452791581408945,0.3850630455868089,0.35060975609756095,0.5895936860567086
A-bloodmnist-28px-batchnorm-policy-none-s1,bloodmnist,100,-0.3215434083601286,0.39217588102166184,0.3445121951219512,0.5825781935106694
A-bloodmnist-28px-batchnorm-policy-none-s2,bloodmnist,1,-0.11604793919906464,0.13406795224977044,0.2662337662337662,0.8389359836305174
A-bloodmnist-28px-batchnorm-policy-none-s2,bloodmnist,2,-0.29231218941829873,0.3210896847260484,0.3181818181818182,0.6626717334112833
A-bloodmnist-28px-batchnorm-policy-none-s2,bloodmnist,5,-0.3785442852966969,0.4132231404958678,0.35714285714285715,0.5764396375328851
A-bloodmnist-28px-batchnorm-policy-none-s2,bloodmnist,10,-0.42472961122478803,0.46219773492500765,0.37012987012987014,0.530254311604794
A-bloodmnist-28px-batchnorm-policy-none-s2,bloodmnist,25,-0.4633148202280035,0.5035200489745945,0.38961038961038963,0.4916691026015785
A-bloodmnist-28px-batchnorm-policy-none-s2,bloodmnist,50,-0.47208418591055246,0.5127027854300582,0.38961038961038963,0.48289973691902954
A-bloodmnist-28px-batchnorm-policy-none-s2,bloodmnist,100,-0.4878690441391406,0.5292317110498929,0.38961038961038963,0.4671148786904414
A-bloodmnist-28px-groupnorm-policy-none-s0,bloodmnist,1,-0.048231511254019366,0.06869510664993726,0.2317596566523605,0.8836597486115171
A-bloodmnist-28px-groupnorm-policy-none-s0,bloodmnist,2,-0.10757088570593398,0.1355081555834379,0.27467811158798283,0.8243203741596025
A-bloodmnist-28px-groupnorm-policy-none-s0,bloodmnist,5,-0.17392575270388777,0.20922208281053953,0.3090128755364807,0.7579655071616487
A-bloodmnist-28px-groupnorm-policy-none-s0,bloodmnist,10,-0.18649517684887462,0.22302383939774154,0.3133047210300429,0.7453960830166618
A-bloodmnist-28px-groupnorm-policy-none-s0,bloodmnist,25,-0.19058754750073081,0.2302383939774153,0.351931330472103,0.7413037123648056
A-bloodmnist-28px-groupnorm-policy-none-s0,bloodmnist,50,-0.19672610347851516,0.2371392722710163,0.3562231759656652,0.7351651563870213
A-bloodmnist-28px-groupnorm-policy-none-s0,bloodmnist,100,-0.1987722888044432,0.2396486825595985,0.3605150214592275,0.7331189710610932
A-bloodmnist-28px-groupnorm-policy-none-s1,bloodmnist,1,-0.04413914060216306,0.06515580736543909,0.22950819672131148,0.884536685179772
A-bloodmnist-28px-groupnorm-policy-none-s1,bloodmnist,2,-0.10903244665302536,0.14038401007239534,0.29918032786885246,0.8196433791289097
A-bloodmnist-28px-groupnorm-policy-none-s1,bloodmnist,5,-0.1841566793335282,0.22253698457664464,0.3155737704918033,0.7445191464484069
A-bloodmnist-28px-groupnorm-policy-none-s1,bloodmnist,10,-0.21309558608593981,0.2552722694365754,0.3360655737704918,0.7155802396959953
A-bloodmnist-28px-groupnorm-policy-none-s1,bloodmnist,25,-0.22332651271558024,0.26786276361347183,0.35655737704918034,0.7053493130663548
A-bloodmnist-28px-groupnorm-policy-none-s1,bloodmnist,50,-0.22537269804150828,0.2694365753855839,0.3483606557377049,0.7033031277404268
A-bloodmnist-28px-groupnorm-policy-none-s1,bloodmnist,100,-0.22624963460976322,0.2719546742209632,0.36885245901639346,0.7024261911721719
A-bloodmnist-28px-groupnorm-policy-none-s2,bloodmnist,1,-0.046185325928091214,0.0670886075949367,0.20689655172413793,0.8775211926337328
A-bloodmnist-28px-groupnorm-policy-none-s2,bloodmnist,2,-0.12043262204033911,0.15379746835443037,0.2835249042145594,0.803273896521485
A-bloodmnist-28px-groupnorm-policy-none-s2,bloodmnist,5,-0.1935106693949138,0.23575949367088608,0.31800766283524906,0.7301958491669103
A-bloodmnist-28px-groupnorm-policy-none-s2,bloodmnist,10,-0.2160187079801228,0.260126582278481,0.31800766283524906,0.7076878105817013
A-bloodmnist-28px-groupnorm-policy-none-s2,bloodmnist,25,-0.23911137094416846,0.28607594936708863,0.32950191570881227,0.6845951476176556
A-bloodmnist-28px-groupnorm-policy-none-s2,bloodmnist,50,-0.2464191756796259,0.2955696202531646,0.3486590038314176,0.6772873428821982
A-bloodmnist-28px-groupnorm-policy-none-s2,bloodmnist,100,-0.24992692195264543,0.29968354430379746,0.3524904214559387,0.6737795966091786
A-bloodmnist-64px-batchnorm-policy-none-s0,bloodmnist,1,-0.250511546331482,0.2991480996068152,0.15176151761517614,0.6416252557731658
A-bloodmnist-64px-batchnorm-policy-none-s0,bloodmnist,2,-0.29318912598655367,0.3492791612057667,0.17073170731707318,0.5989476761180941
A-bloodmnist-64px-batchnorm-policy-none-s0,bloodmnist,5,-0.374744226834259,0.44036697247706424,0.16802168021680217,0.5173925752703887
A-bloodmnist-64px-batchnorm-policy-none-s0,bloodmnist,10,-0.4191756796258404,0.4898427260812582,0.16531165311653118,0.47296112247880734
A-bloodmnist-64px-batchnorm-policy-none-s0,bloodmnist,25,-0.47033031277404264,0.5471821756225426,0.16531165311653118,0.4218064893306051
A-bloodmnist-64px-batchnorm-policy-none-s0,bloodmnist,50,-0.49400760011692485,0.5730668414154653,0.15989159891598917,0.3981292019877229
A-bloodmnist-64px-batchnorm-policy-none-s0,bloodmnist,100,-0.5103770827243496,0.5901048492791612,0.14905149051490515,0.3817597193802982
A-bloodmnist-64px-batchnorm-policy-none-s1,bloodmnist,1,-0.30809704764688683,0.352922286448298,0.1465798045602606,0.6021631102016954
A-bloodmnist-64px-batchnorm-policy-none-s1,bloodmnist,2,-0.36509792458345514,0.4177906229929351,0.16938110749185667,0.5451622332651271
A-bloodmnist-64px-batchnorm-policy-none-s1,bloodmnist,5,-0.4878690441391406,0.5494540783558125,0.13680781758957655,0.42239111370944166
A-bloodmnist-64px-batchnorm-policy-none-s1,bloodmnist,10,-0.5480853551593101,0.6152858060372511,0.13355048859934854,0.36217480268927216
A-bloodmnist-64px-batchnorm-policy-none-s1,bloodmnist,25,-0.6138555977784274,0.6840077071290944,0.09771986970684039,0.2964045600701549
A-bloodmnist-64px-batchnorm-policy-none-s1,bloodmnist,50,-0.6413329435837474,0.710019267822736,0.05537459283387622,0.26892721426483485
A-bloodmnist-64px-batchnorm-policy-none-s1,bloodmnist,100,-0.659456299327682,0.7302504816955684,0.05863192182410423,0.2508038585209003
A-bloodmnist-64px-batchnorm-policy-none-s2,bloodmnist,1,-0.21104940076001166,0.24367595260967018,0.13087248322147652,0.7018415667933353
A-bloodmnist-64px-batchnorm-policy-none-s2,bloodmnist,2,-0.26308097047646883,0.30099263528658343,0.1342281879194631,0.6498099970768781
A-bloodmnist-64px-batchnorm-policy-none-s2,bloodmnist,5,-0.35135925168079507,0.39929554915145693,0.15100671140939598,0.5615317158725519
A-bloodmnist-64px-batchnorm-policy-none-s2,bloodmnist,10,-0.40982168956445486,0.4610951008645533,0.12751677852348994,0.5030692779888921
A-bloodmnist-64px-batchnorm-policy-none-s2,bloodmnist,25,-0.45103770827243495,0.5059237912263849,0.12416107382550336,0.46185325928091203
A-bloodmnist-64px-batchnorm-policy-none-s2,bloodmnist,50,-0.4703303127740427,0.5273775216138329,0.12751677852348994,0.4425606547793043
A-bloodmnist-64px-batchnorm-policy-none-s2,bloodmnist,100,-0.4878690441391406,0.5456292026897214,0.1174496644295302,0.42502192341420636
A-bloodmnist-64px-groupnorm-policy-none-s0,bloodmnist,1,-0.08623209587839809,0.0961245041196216,0.1388888888888889,0.8716749488453669
A-bloodmnist-64px-groupnorm-policy-none-s0,bloodmnist,2,-0.22478807366267173,0.24107415318889228,0.14583333333333334,0.7331189710610932
A-bloodmnist-64px-groupnorm-policy-none-s0,bloodmnist,5,-0.3645133002046186,0.3878547451937748,0.16666666666666666,0.5933937445191464
A-bloodmnist-64px-groupnorm-policy-none-s0,bloodmnist,10,-0.4147909967845659,0.43973146170277694,0.1527777777777778,0.5431160479391991
A-bloodmnist-64px-groupnorm-policy-none-s0,bloodmnist,25,-0.4463607132417422,0.47146780592004883,0.125,0.5115463314820228
A-bloodmnist-64px-groupnorm-policy-none-s0,bloodmnist,50,-0.46039169833382054,0.4864205065608789,0.13194444444444445,0.49751534638994444
A-bloodmnist-64px-groupnorm-policy-none-s0,bloodmnist,100,-0.4636071324174218,0.4891669209642966,0.11805555555555555,0.4942999123063432
A-bloodmnist-64px-groupnorm-policy-none-s1,bloodmnist,1,-0.06957030108155515,0.08369098712446352,0.22012578616352202,0.8839520608009354
A-bloodmnist-64px-groupnorm-policy-none-s1,bloodmnist,2,-0.19584916691026022,0.2173513182096873,0.24528301886792453,0.7576731949722303
A-bloodmnist-64px-groupnorm-policy-none-s1,bloodmnist,5,-0.28120432622040337,0.30870631514408337,0.2830188679245283,0.6723180356620871
A-bloodmnist-64px-groupnorm-policy-none-s1,bloodmnist,10,-0.32505115463314826,0.3559166155732679,0.3081761006289308,0.6284712072493422
A-bloodmnist-64px-groupnorm-policy-none-s1,bloodmnist,25,-0.3618824904998539,0.3930104230533415,0.27672955974842767,0.5916398713826366
A-bloodmnist-64px-groupnorm-policy-none-s1,bloodmnist,50,-0.37269804150833086,0.404659717964439,0.2830188679245283,0.5808243203741597
A-bloodmnist-64px-groupnorm-policy-none-s1,bloodmnist,100,-0.3800058462437884,0.41232372777437154,0.2830188679245283,0.5735165156387021
A-bloodmnist-64px-groupnorm-policy-none-s2,bloodmnist,1,-0.08389359836305177,0.09038519866545344,0.08870967741935484,0.8798596901490792
A-bloodmnist-64px-groupnorm-policy-none-s2,bloodmnist,2,-0.26805027769657996,0.2823779193205945,0.11290322580645161,0.695703010815551
A-bloodmnist-64px-groupnorm-policy-none-s2,bloodmnist,5,-0.41274481145863784,0.4322111010009099,0.10483870967741936,0.5510084770534931
A-bloodmnist-64px-groupnorm-policy-none-s2,bloodmnist,10,-0.481438175971938,0.5031847133757962,0.0967741935483871,0.48231511254019294
A-bloodmnist-64px-groupnorm-policy-none-s2,bloodmnist,25,-0.5369774919614148,0.5608128601759175,0.0967741935483871,0.4267757965507162
A-bloodmnist-64px-groupnorm-policy-none-s2,bloodmnist,50,-0.5562700964630225,0.5808310585380649,0.0967741935483871,0.40748319204910843
A-bloodmnist-64px-groupnorm-policy-none-s2,bloodmnist,100,-0.5670856474714996,0.592053381862299,0.0967741935483871,0.3966676410406314
A-pathmnist-28px-batchnorm-policy-none-s0,pathmnist,1,-0.08509749303621172,0.14571629213483145,0.14757412398921832,0.708217270194986
A-pathmnist-28px-batchnorm-policy-none-s0,pathmnist,2,-0.13969359331476328,0.21822331460674158,0.16172506738544473,0.6536211699164345
A-pathmnist-28px-batchnorm-policy-none-s0,pathmnist,5,-0.16587743732590532,0.25298455056179775,0.16846361185983827,0.6274373259052924
A-pathmnist-28px-batchnorm-policy-none-s0,pathmnist,10,-0.1722841225626741,0.26422050561797755,0.18059299191374664,0.6210306406685236
A-pathmnist-28px-batchnorm-policy-none-s0,pathmnist,25,-0.17172701949860725,0.26492275280898875,0.18598382749326145,0.6215877437325905
A-pathmnist-28px-batchnorm-policy-none-s0,pathmnist,50,-0.17214484679665742,0.26825842696629215,0.1967654986522911,0.6211699164345403
A-pathmnist-28px-batchnorm-policy-none-s0,pathmnist,100,-0.17479108635097496,0.27422752808988765,0.2068733153638814,0.6185236768802228
A-pathmnist-28px-batchnorm-policy-none-s1,pathmnist,1,-0.16337047353760437,0.25793432397725186,0.13475997686524002,0.5958217270194986
A-pathmnist-28px-batchnorm-policy-none-s1,pathmnist,2,-0.23328690807799435,0.35956705191707944,0.16483516483516483,0.5259052924791087
A-pathmnist-28px-batchnorm-policy-none-s1,pathmnist,5,-0.331058495821727,0.4861493303980921,0.15789473684210525,0.42813370473537604
A-pathmnist-28px-batchnorm-policy-none-s1,pathmnist,10,-0.37061281337047347,0.5353146211704275,0.14864083285135918,0.38857938718662954
A-pathmnist-28px-batchnorm-policy-none-s1,pathmnist,25,-0.393175487465181,0.568336085121996,0.15905147484094853,0.366016713091922
A-pathmnist-28px-batchnorm-policy-none-s1,pathmnist,50,-0.39331476323119774,0.5710878737846267,0.16714864083285136,0.3658774373259053
A-pathmnist-28px-batchnorm-policy-none-s1,pathmnist,100,-0.39066852367688015,0.5685195376995047,0.1700404858299595,0.36852367688022286
A-pathmnist-28px-batchnorm-policy-none-s2,pathmnist,1,-0.16169916434540388,0.21342395921835175,0.07335907335907337,0.6579387186629526
A-pathmnist-28px-batchnorm-policy-none-s2,pathmnist,2,-0.2547353760445682,0.3284621920135939,0.08030888030888031,0.5649025069637883
A-pathmnist-28px-batchnorm-policy-none-s2,pathmnist,5,-0.3537604456824512,0.44621920135938825,0.06640926640926641,0.4658774373259053
A-pathmnist-28px-batchnorm-policy-none-s2,pathmnist,10,-0.3813370473537604,0.48054375531011045,0.0694980694980695,0.4383008356545961
A-pathmnist-28px-batchnorm-policy-none-s2,pathmnist,25,-0.40557103064066846,0.5072217502124045,0.05637065637065637,0.41406685236768803
A-pathmnist-28px-batchnorm-policy-none-s2,pathmnist,50,-0.4149025069637883,0.5162276975361088,0.04555984555984556,0.4047353760445682
A-pathmnist-28px-batchnorm-policy-none-s2,pathmnist,100,-0.4193593314763231,0.5213254035683942,0.044015444015444015,0.4002785515320334
A-pathmnist-28px-groupnorm-policy-none-s0,pathmnist,1,-0.12381615598885798,0.15759128763613067,0.1014957264957265,0.7458217270194986
A-pathmnist-28px-groupnorm-policy-none-s0,pathmnist,2,-0.2593314763231198,0.3171044202434337,0.12606837606837606,0.6103064066852367
A-pathmnist-28px-groupnorm-policy-none-s0,pathmnist,5,-0.38579387186629527,0.45980140935297886,0.10790598290598291,0.48384401114206127
A-pathmnist-28px-groupnorm-policy-none-s0,pathmnist,10,-0.4165738161559889,0.49615631005765537,0.11431623931623931,0.45306406685236766
A-pathmnist-28px-groupnorm-policy-none-s0,pathmnist,25,-0.4318941504178273,0.5145739910313901,0.11965811965811966,0.43774373259052923
A-pathmnist-28px-groupnorm-policy-none-s0,pathmnist,50,-0.43036211699164345,0.5129724535554132,0.12072649572649573,0.4392757660167131
A-pathmnist-28px-groupnorm-policy-none-s0,pathmnist,100,-0.42994428969359333,0.5124919923126201,0.12072649572649573,0.4396935933147632
A-pathmnist-28px-groupnorm-policy-none-s1,pathmnist,1,-0.12715877437325906,0.16862097440132123,0.096,0.7161559888579387
A-pathmnist-28px-groupnorm-policy-none-s1,pathmnist,2,-0.29986072423398336,0.37572254335260113,0.10844444444444444,0.5434540389972145
A-pathmnist-28px-groupnorm-policy-none-s1,pathmnist,5,-0.4210306406685237,0.519570602807597,0.10933333333333334,0.4222841225626741
A-pathmnist-28px-groupnorm-policy-none-s1,pathmnist,10,-0.44387186629526465,0.5454995871180842,0.10311111111111111,0.39944289693593316
A-pathmnist-28px-groupnorm-policy-none-s1,pathmnist,25,-0.4572423398328691,0.561849710982659,0.10577777777777778,0.3860724233983287
A-pathmnist-28px-groupnorm-policy-none-s1,pathmnist,50,-0.4635097493036212,0.5699421965317919,0.10933333333333334,0.3798050139275766
A-pathmnist-28px-groupnorm-policy-none-s1,pathmnist,100,-0.4646239554317549,0.5717588769611891,0.112,0.3786908077994429
A-pathmnist-28px-groupnorm-policy-none-s2,pathmnist,1,-0.12994428969359328,0.16302601991647928,0.0859538784067086,0.7371866295264624
A-pathmnist-28px-groupnorm-policy-none-s2,pathmnist,2,-0.2927576601671309,0.3530356569225827,0.10062893081761007,0.5743732590529248
A-pathmnist-28px-groupnorm-policy-none-s2,pathmnist,5,-0.4165738161559888,0.49469964664310956,0.09329140461215933,0.4505571030640669
A-pathmnist-28px-groupnorm-policy-none-s2,pathmnist,10,-0.44428969359331477,0.5263411500160616,0.09119496855345911,0.4228412256267409
A-pathmnist-28px-groupnorm-policy-none-s2,pathmnist,25,-0.46253481894150417,0.5485062640539672,0.09853249475890985,0.40459610027855153
A-pathmnist-28px-groupnorm-policy-none-s2,pathmnist,50,-0.47715877437325904,0.5632830067459043,0.08490566037735849,0.38997214484679665
A-pathmnist-28px-groupnorm-policy-none-s2,pathmnist,100,-0.48050139275766013,0.5668165756504979,0.08280922431865828,0.38662952646239557
A-pathmnist-64px-batchnorm-policy-none-s0,pathmnist,1,-0.13844011142061274,0.21182444686253174,0.10444177671068428,0.6295264623955432
A-pathmnist-64px-batchnorm-policy-none-s0,pathmnist,2,-0.20682451253481893,0.29778745012694957,0.09423769507803122,0.561142061281337
A-pathmnist-64px-batchnorm-policy-none-s0,pathmnist,5,-0.2750696378830083,0.3804860355458832,0.07382953181272509,0.49289693593314765
A-pathmnist-64px-batchnorm-policy-none-s0,pathmnist,10,-0.312116991643454,0.42673195502357636,0.06722689075630252,0.45584958217270194
A-pathmnist-64px-batchnorm-policy-none-s0,pathmnist,25,-0.3462395543175487,0.46445411679361626,0.045018007202881155,0.42172701949860725
A-pathmnist-64px-batchnorm-policy-none-s0,pathmnist,50,-0.35612813370473534,0.47479143997098294,0.036614645858343335,0.4118384401114206
A-pathmnist-64px-batchnorm-policy-none-s0,pathmnist,100,-0.3651810584958217,0.48657961552412043,0.036614645858343335,0.40278551532033424
A-pathmnist-64px-batchnorm-policy-none-s1,pathmnist,1,-0.12562674094707516,0.19229415904292751,0.12767379679144386,0.666016713091922
A-pathmnist-64px-batchnorm-policy-none-s1,pathmnist,2,-0.21072423398328688,0.29644616467276563,0.11497326203208556,0.5809192200557103
A-pathmnist-64px-batchnorm-policy-none-s1,pathmnist,5,-0.30167130919220053,0.41467276565798733,0.12767379679144386,0.48997214484679663
A-pathmnist-64px-batchnorm-policy-none-s1,pathmnist,10,-0.3314763231197771,0.4517945109078114,0.12566844919786097,0.46016713091922007
A-pathmnist-64px-batchnorm-policy-none-s1,pathmnist,25,-0.3577994428969359,0.488036593947924,0.13703208556149732,0.4338440111420613
A-pathmnist-64px-batchnorm-policy-none-s1,pathmnist,50,-0.3708913649025069,0.5049261083743842,0.13836898395721925,0.42075208913649026
A-pathmnist-64px-batchnorm-policy-none-s1,pathmnist,100,-0.3768802228412256,0.516713581984518,0.15441176470588236,0.4147632311977716
A-pathmnist-64px-batchnorm-policy-none-s2,pathmnist,1,-0.1279944289693593,0.1586869495596477,0.07700534759358289,0.7417827298050139
A-pathmnist-64px-batchnorm-policy-none-s2,pathmnist,2,-0.20584958217270188,0.2512409927942354,0.09732620320855614,0.6639275766016713
A-pathmnist-64px-batchnorm-policy-none-s2,pathmnist,5,-0.2863509749303621,0.3423538831064852,0.0877005347593583,0.5834261838440111
A-pathmnist-64px-batchnorm-policy-none-s2,pathmnist,10,-0.3278551532033426,0.38863090472377904,0.07807486631016043,0.5419220055710307
A-pathmnist-64px-batchnorm-policy-none-s2,pathmnist,25,-0.3575208913649025,0.422257806244996,0.0748663101604278,0.5122562674094707
A-pathmnist-64px-batchnorm-policy-none-s2,pathmnist,50,-0.37325905292479106,0.4390712570056045,0.06631016042780749,0.49651810584958217
A-pathmnist-64px-batchnorm-policy-none-s2,pathmnist,100,-0.37952646239554316,0.4453162530024019,0.059893048128342244,0.49025069637883006
A-pathmnist-64px-groupnorm-policy-none-s0,pathmnist,1,-0.11364902506963792,0.13700287312868592,0.15873015873015872,0.8073816155988858
A-pathmnist-64px-groupnorm-policy-none-s0,pathmnist,2,-0.22869080779944295,0.26432783910479357,0.18694885361552027,0.6923398328690807
A-pathmnist-64px-groupnorm-policy-none-s0,pathmnist,5,-0.33147632311977715,0.37698472705277486,0.19929453262786595,0.5895543175487465
A-pathmnist-64px-groupnorm-policy-none-s0,pathmnist,10,-0.37743732590529244,0.4274913050052926,0.20634920634920634,0.5435933147632313
A-pathmnist-64px-groupnorm-policy-none-s0,pathmnist,25,-0.4065459610027855,0.4574323302585816,0.18694885361552027,0.5144846796657382
A-pathmnist-64px-groupnorm-policy-none-s0,pathmnist,50,-0.421866295264624,0.4728564947830032,0.1728395061728395,0.4991643454038997
A-pathmnist-64px-groupnorm-policy-none-s0,pathmnist,100,-0.42381615598885797,0.4730077120822622,0.14991181657848324,0.4972144846796657
A-pathmnist-64px-groupnorm-policy-none-s1,pathmnist,1,-0.1279944289693593,0.15112736136502133,0.1185064935064935,0.7862116991643454
A-pathmnist-64px-groupnorm-policy-none-s1,pathmnist,2,-0.27311977715877434,0.31383302864107254,0.16071428571428573,0.6410863509749304
A-pathmnist-64px-groupnorm-policy-none-s1,pathmnist,5,-0.4260445682451253,0.4792809262644729,0.14123376623376624,0.4881615598885794
A-pathmnist-64px-groupnorm-policy-none-s1,pathmnist,10,-0.4674094707520891,0.5251371115173674,0.14772727272727273,0.4467966573816156
A-pathmnist-64px-groupnorm-policy-none-s1,pathmnist,25,-0.4935933147632312,0.5536258379037172,0.1461038961038961,0.4206128133704735
A-pathmnist-64px-groupnorm-policy-none-s1,pathmnist,50,-0.506267409470752,0.5662705667276051,0.1331168831168831,0.40793871866295267
A-pathmnist-64px-groupnorm-policy-none-s1,pathmnist,100,-0.5112813370473537,0.5700792199878123,0.11525974025974026,0.402924791086351
A-pathmnist-64px-groupnorm-policy-none-s2,pathmnist,1,-0.098050139275766,0.11881638846737481,0.13389830508474576,0.8197771587743733
A-pathmnist-64px-groupnorm-policy-none-s2,pathmnist,2,-0.23036211699164344,0.26585735963581186,0.16610169491525423,0.6874651810584959
A-pathmnist-64px-groupnorm-policy-none-s2,pathmnist,5,-0.36796657381615605,0.41562974203338393,0.16440677966101694,0.5498607242339832
A-pathmnist-64px-groupnorm-policy-none-s2,pathmnist,10,-0.4162952646239555,0.47116843702579664,0.19661016949152543,0.5015320334261838
A-pathmnist-64px-groupnorm-policy-none-s2,pathmnist,25,-0.4612813370473538,0.5200303490136571,0.19491525423728814,0.4565459610027855
A-pathmnist-64px-groupnorm-policy-none-s2,pathmnist,50,-0.4703342618384401,0.5311077389984825,0.20847457627118643,0.44749303621169917
A-pathmnist-64px-groupnorm-policy-none-s2,pathmnist,100,-0.4753481894150418,0.5355083459787557,0.19661016949152543,0.4424791086350975
B-bloodmnist-28px-batchnorm-policy-matched_mixed-s0,bloodmnist,1,0.015200233849751554,0.03022932592077832,0.2559852670349908,0.8564747149956153
B-bloodmnist-28px-batchnorm-policy-matched_mixed-s0,bloodmnist,2,0.013154048523823403,0.04169562195969423,0.30386740331491713,0.8544285296696872
B-bloodmnist-28px-batchnorm-policy-matched_mixed-s0,bloodmnist,5,0.015200233849751554,0.048992355802640726,0.35543278084714547,0.8564747149956153
B-bloodmnist-28px-batchnorm-policy-matched_mixed-s0,bloodmnist,10,0.0105232388190587,0.05559416261292564,0.36095764272559855,0.8517977199649225
B-bloodmnist-28px-batchnorm-policy-matched_mixed-s0,bloodmnist,25,0.013738672902660065,0.056636553161918,0.3867403314917127,0.8550131540485238
B-bloodmnist-28px-batchnorm-policy-matched_mixed-s0,bloodmnist,50,0.011692487576731914,0.05906879777623349,0.3867403314917127,0.8529669687225957
B-bloodmnist-28px-batchnorm-policy-matched_mixed-s0,bloodmnist,100,0.01344636071324179,0.05837387074357193,0.39410681399631675,0.8547208418591056
B-bloodmnist-28px-batchnorm-policy-matched_mixed-s1,bloodmnist,1,0.018123355743934533,0.01734860883797054,0.31420765027322406,0.9111370944168372
B-bloodmnist-28px-batchnorm-policy-matched_mixed-s1,bloodmnist,2,0.02455422391113704,0.020949263502454993,0.40437158469945356,0.9175679625840397
B-bloodmnist-28px-batchnorm-policy-matched_mixed-s1,bloodmnist,5,0.027769657994738406,0.026513911620294598,0.4808743169398907,0.9207833966676411
B-bloodmnist-28px-batchnorm-policy-matched_mixed-s1,bloodmnist,10,0.029231218941829895,0.02716857610474632,0.5,0.9222449576147326
B-bloodmnist-28px-batchnorm-policy-matched_mixed-s1,bloodmnist,25,0.02952353113124817,0.028477905073649754,0.5136612021857924,0.9225372698041509
B-bloodmnist-28px-batchnorm-policy-matched_mixed-s1,bloodmnist,50,0.029815843320666446,0.029459901800327332,0.5245901639344263,0.9228295819935691
B-bloodmnist-28px-batchnorm-policy-matched_mixed-s1,bloodmnist,100,0.030108155510084722,0.028805237315875615,0.5218579234972678,0.9231218941829874
B-bloodmnist-28px-batchnorm-policy-matched_mixed-s2,bloodmnist,1,0.0014615609470914892,0.02142857142857143,0.20821114369501467,0.9017831043554516
B-bloodmnist-28px-batchnorm-policy-matched_mixed-s2,bloodmnist,2,0.004092370651856192,0.02564935064935065,0.2727272727272727,0.9044139140602163
B-bloodmnist-28px-batchnorm-policy-matched_mixed-s2,bloodmnist,5,0.007307804735457446,0.02792207792207792,0.3255131964809384,0.9076293481438176
B-bloodmnist-28px-batchnorm-policy-matched_mixed-s2,bloodmnist,10,0.00496930722011113,0.03279220779220779,0.3460410557184751,0.9052908506284713
B-bloodmnist-28px-batchnorm-policy-matched_mixed-s2,bloodmnist,25,0.0038000584624379163,0.03409090909090909,0.3460410557184751,0.904121601870798
B-bloodmnist-28px-batchnorm-policy-matched_mixed-s2,bloodmnist,50,0.0038000584624379163,0.03474025974025974,0.3519061583577713,0.904121601870798
B-bloodmnist-28px-batchnorm-policy-matched_mixed-s2,bloodmnist,100,0.004092370651856192,0.03506493506493506,0.35777126099706746,0.9044139140602163
B-pathmnist-28px-batchnorm-policy-matched_mixed-s0,pathmnist,1,0.034261838440111436,0.02418083055896268,0.2606924643584521,0.829108635097493
B-pathmnist-28px-batchnorm-policy-matched_mixed-s0,pathmnist,2,0.030083565459610107,0.04573330997021202,0.32382892057026474,0.8249303621169917
B-pathmnist-28px-batchnorm-policy-matched_mixed-s0,pathmnist,5,0.006545961002785594,0.08603469423514981,0.3652410047522064,0.8013927576601672
B-pathmnist-28px-batchnorm-policy-matched_mixed-s0,pathmnist,10,-0.0030640668523675973,0.10127913089188716,0.3774609640190088,0.791782729805014
B-pathmnist-28px-batchnorm-policy-matched_mixed-s0,pathmnist,25,-0.0069637883008355494,0.10951463115472228,0.39035980991174474,0.787883008356546
B-pathmnist-28px-batchnorm-policy-matched_mixed-s0,pathmnist,50,-0.009610027855153191,0.11442088663045383,0.39646978954514595,0.7852367688022284
B-pathmnist-28px-batchnorm-policy-matched_mixed-s0,pathmnist,100,-0.008913649025069637,0.11477133345014894,0.40122199592668023,0.7859331476323119
B-pathmnist-28px-batchnorm-policy-matched_mixed-s1,pathmnist,1,0.03231197771587735,0.022777121646701537,0.2928970470869912,0.8577994428969359
B-pathmnist-28px-batchnorm-policy-matched_mixed-s1,pathmnist,2,0.04038997214484674,0.032562847983802934,0.3854748603351955,0.8658774373259053
B-pathmnist-28px-batchnorm-policy-matched_mixed-s1,pathmnist,5,0.03885793871866294,0.044204487936561496,0.4317637669592977,0.8643454038997215
B-pathmnist-28px-batchnorm-policy-matched_mixed-s1,pathmnist,10,0.03830083565459608,0.0492660705247174,0.45251396648044695,0.8637883008356546
B-pathmnist-28px-batchnorm-policy-matched_mixed-s1,pathmnist,25,0.03941504178272981,0.04859119284629661,0.45570630486831604,0.8649025069637883
B-pathmnist-28px-batchnorm-policy-matched_mixed-s1,pathmnist,50,0.041364902506963785,0.04960350936392779,0.47166799680766164,0.8668523676880223
B-pathmnist-28px-batchnorm-policy-matched_mixed-s1,pathmnist,100,0.040111420612813364,0.04994094820313818,0.46608140462889064,0.8655988857938719
B-pathmnist-28px-batchnorm-policy-matched_mixed-s2,pathmnist,1,0.01949860724233987,0.032640949554896145,0.2253618194348725,0.8174094707520891
B-pathmnist-28px-batchnorm-policy-matched_mixed-s2,pathmnist,2,0.01977715877437325,0.04747774480712166,0.28532046864231564,0.8176880222841225
B-pathmnist-28px-batchnorm-policy-matched_mixed-s2,pathmnist,5,0.024651810584958245,0.05899807994414383,0.3549276361130255,0.8225626740947075
B-pathmnist-28px-batchnorm-policy-matched_mixed-s2,pathmnist,10,0.022005571030640714,0.06702740443358353,0.3735354927636113,0.81991643454039
B-pathmnist-28px-batchnorm-policy-matched_mixed-s2,pathmnist,25,0.01977715877437325,0.07278757200209461,0.3852515506547209,0.8176880222841225
B-pathmnist-28px-batchnorm-policy-matched_mixed-s2,pathmnist,50,0.020473537604456915,0.07278757200209461,0.388697450034459,0.8183844011142062
B-pathmnist-28px-batchnorm-policy-matched_mixed-s2,pathmnist,100,0.01824512534818945,0.07697678477919358,0.39421088904204,0.8161559888579387
C-dermamnist-28px-resnet18-batchnorm-policy-none-s0,dermamnist,1,-0.006982543640897787,0.0577716643741403,0.12704174228675136,0.7182044887780549
C-dermamnist-28px-resnet18-batchnorm-policy-none-s0,dermamnist,2,-0.008478802992518797,0.05845942228335626,0.12341197822141561,0.7167082294264339
C-dermamnist-28px-resnet18-batchnorm-policy-none-s0,dermamnist,5,-0.0009975062344139696,0.05639614855570839,0.14519056261343014,0.7241895261845387
C-dermamnist-28px-resnet18-batchnorm-policy-none-s0,dermamnist,10,0.0044887780548628076,0.057083906464924346,0.16696914700544466,0.7296758104738155
C-dermamnist-28px-resnet18-batchnorm-policy-none-s0,dermamnist,25,0.0029925187032419087,0.055020632737276476,0.1560798548094374,0.7281795511221946
C-dermamnist-28px-resnet18-batchnorm-policy-none-s0,dermamnist,50,0.003491271820448838,0.05089408528198074,0.147005444646098,0.7286783042394015
C-dermamnist-28px-resnet18-batchnorm-policy-none-s0,dermamnist,100,0.0004987531172069293,0.054332874828060526,0.14519056261343014,0.7256857855361596
C-dermamnist-28px-resnet18-batchnorm-policy-none-s1,dermamnist,1,-0.013466334164588534,0.039644565960355434,0.05719557195571956,0.7162094763092269
C-dermamnist-28px-resnet18-batchnorm-policy-none-s1,dermamnist,2,-0.016458852867830442,0.045112781954887216,0.06088560885608856,0.713216957605985
C-dermamnist-28px-resnet18-batchnorm-policy-none-s1,dermamnist,5,-0.02394014962593516,0.05809979494190021,0.06826568265682657,0.7057356608478803
C-dermamnist-28px-resnet18-batchnorm-policy-none-s1,dermamnist,10,-0.02394014962593516,0.059466848940533154,0.07195571955719557,0.7057356608478803
C-dermamnist-28px-resnet18-batchnorm-policy-none-s1,dermamnist,25,-0.026932668329177067,0.05878332194121668,0.05904059040590406,0.7027431421446384
C-dermamnist-28px-resnet18-batchnorm-policy-none-s1,dermamnist,50,-0.028428927680797966,0.06288448393711552,0.06457564575645756,0.7012468827930175
C-dermamnist-28px-resnet18-batchnorm-policy-none-s1,dermamnist,100,-0.029426433915211936,0.06015037593984962,0.05350553505535055,0.7002493765586035
C-dermamnist-28px-resnet18-batchnorm-policy-none-s2,dermamnist,1,0.0,0.06075085324232082,0.1648148148148148,0.7306733167082294
C-dermamnist-28px-resnet18-batchnorm-policy-none-s2,dermamnist,2,0.0,0.06689419795221843,0.1814814814814815,0.7306733167082294
C-dermamnist-28px-resnet18-batchnorm-policy-none-s2,dermamnist,5,-0.0044887780548628076,0.08054607508532423,0.20185185185185187,0.7261845386533666
C-dermamnist-28px-resnet18-batchnorm-policy-none-s2,dermamnist,10,0.0024937655860348684,0.07986348122866894,0.22592592592592592,0.7331670822942643
C-dermamnist-28px-resnet18-batchnorm-policy-none-s2,dermamnist,25,0.001995012468827939,0.08600682593856655,0.24074074074074073,0.7326683291770574
C-dermamnist-28px-resnet18-batchnorm-policy-none-s2,dermamnist,50,0.0014962593516208988,0.08805460750853242,0.24444444444444444,0.7321695760598503
C-dermamnist-28px-resnet18-batchnorm-policy-none-s2,dermamnist,100,0.004987531172069848,0.08327645051194539,0.24444444444444444,0.7356608478802993
D-bloodmnist-128px-batchnorm-policy-none-s0,bloodmnist,1,-0.3244665302543116,0.35580524344569286,0.1382488479262673,0.6121017246419176
D-bloodmnist-128px-batchnorm-policy-none-s0,bloodmnist,2,-0.37942122186495175,0.4141697877652934,0.1336405529953917,0.5571470330312774
D-bloodmnist-128px-batchnorm-policy-none-s0,bloodmnist,5,-0.47529961999415377,0.517478152309613,0.14746543778801843,0.4612686349020754
D-bloodmnist-128px-batchnorm-policy-none-s0,bloodmnist,10,-0.5311312481730488,0.5780274656679151,0.16129032258064516,0.40543700672318034
D-bloodmnist-128px-batchnorm-policy-none-s0,bloodmnist,25,-0.5776088862905584,0.6282771535580525,0.17050691244239632,0.35895936860567085
D-bloodmnist-128px-batchnorm-policy-none-s0,bloodmnist,50,-0.5872551885413622,0.6379525593008739,0.16129032258064516,0.349313066354867
D-bloodmnist-128px-batchnorm-policy-none-s0,bloodmnist,100,-0.5980707395498392,0.6513732833957553,0.1889400921658986,0.33849751534638994
D-bloodmnist-128px-batchnorm-policy-none-s1,bloodmnist,1,-0.2791581408944753,0.3702664796633941,0.17750439367311072,0.5545162233265127
D-bloodmnist-128px-batchnorm-policy-none-s1,bloodmnist,2,-0.3215434083601286,0.4183029453015428,0.1634446397188049,0.5121309558608594
D-bloodmnist-128px-batchnorm-policy-none-s1,bloodmnist,5,-0.39286758257819354,0.5077138849929874,0.1827768014059754,0.4408067816427945
D-bloodmnist-128px-batchnorm-policy-none-s1,bloodmnist,10,-0.44226834258988607,0.5666199158485273,0.18101933216168717,0.391406021631102
D-bloodmnist-128px-batchnorm-policy-none-s1,bloodmnist,25,-0.4837766734872845,0.6115007012622721,0.15641476274165203,0.3498976907337036
D-bloodmnist-128px-batchnorm-policy-none-s1,bloodmnist,50,-0.4980999707687811,0.6272791023842917,0.14938488576449913,0.33557439345220696
D-bloodmnist-128px-batchnorm-policy-none-s1,bloodmnist,100,-0.5095001461560947,0.6377980364656382,0.1335676625659051,0.3241742180648933
D-bloodmnist-128px-batchnorm-policy-none-s2,bloodmnist,1,-0.35282081262788656,0.3934686112872543,0.12734082397003746,0.5691318327974276
D-bloodmnist-128px-batchnorm-policy-none-s2,bloodmnist,2,-0.39257527038877515,0.4375396322130628,0.13857677902621723,0.529377375036539
D-bloodmnist-128px-batchnorm-policy-none-s2,bloodmnist,5,-0.5033615901783104,0.5570703868103994,0.13108614232209737,0.4185910552470038
D-bloodmnist-128px-batchnorm-policy-none-s2,bloodmnist,10,-0.5571470330312773,0.614140773620799,0.11610486891385768,0.3648056123940368
D-bloodmnist-128px-batchnorm-policy-none-s2,bloodmnist,25,-0.6103478515054077,0.6708941027266963,0.10486891385767791,0.3116047939199065
D-bloodmnist-128px-batchnorm-policy-none-s2,bloodmnist,50,-0.6261327097339959,0.6854787571337984,0.0749063670411985,0.2958199356913183
D-bloodmnist-128px-batchnorm-policy-none-s2,bloodmnist,100,-0.630225080385852,0.6896005072923272,0.07116104868913857,0.2917275650394621
D-pathmnist-128px-batchnorm-policy-none-s0,pathmnist,1,-0.08662952646239552,0.2430658479779801,0.2140822140822141,0.5711699164345404
D-pathmnist-128px-batchnorm-policy-none-s0,pathmnist,2,-0.12883008356545955,0.28964641117933515,0.1803011803011803,0.5289693593314764
D-pathmnist-128px-batchnorm-policy-none-s0,pathmnist,5,-0.19596100278551531,0.4158373914884607,0.2266992266992267,0.4618384401114206
D-pathmnist-128px-batchnorm-policy-none-s0,pathmnist,10,-0.23161559888579386,0.4694050391700191,0.2254782254782255,0.42618384401114207
D-pathmnist-128px-batchnorm-policy-none-s0,pathmnist,25,-0.25292479108635096,0.5077281388947703,0.23687423687423687,0.40487465181058496
D-pathmnist-128px-batchnorm-policy-none-s0,pathmnist,50,-0.264066852367688,0.5221257675206437,0.231990231990232,0.3937325905292479
D-pathmnist-128px-batchnorm-policy-none-s0,pathmnist,100,-0.2724233983286908,0.5348295574846496,0.231990231990232,0.38537604456824515
D-pathmnist-128px-batchnorm-policy-none-s1,pathmnist,1,-0.14373259052924792,0.24070371851259495,0.07897153351698806,0.552924791086351
D-pathmnist-128px-batchnorm-policy-none-s1,pathmnist,2,-0.2192200557103064,0.3428628548580568,0.06473829201101929,0.4774373259052925
D-pathmnist-128px-batchnorm-policy-none-s1,pathmnist,5,-0.3245125348189415,0.4870051979208317,0.048668503213957756,0.3721448467966574
D-pathmnist-128px-batchnorm-policy-none-s1,pathmnist,10,-0.3647632311977716,0.5401839264294283,0.03810835629017447,0.33189415041782727
D-pathmnist-128px-batchnorm-policy-none-s1,pathmnist,25,-0.3908077994428969,0.5769692123150739,0.03673094582185491,0.305849582172702
D-pathmnist-128px-batchnorm-policy-none-s1,pathmnist,50,-0.40320334261838436,0.5959616153538585,0.03948576675849403,0.2934540389972145
D-pathmnist-128px-batchnorm-policy-none-s1,pathmnist,100,-0.40807799442896936,0.602359056377449,0.03810835629017447,0.2885793871866295
D-pathmnist-128px-batchnorm-policy-none-s2,pathmnist,1,-0.16880222841225623,0.21906961398878258,0.1037567084078712,0.6754874651810585
D-pathmnist-128px-batchnorm-policy-none-s2,pathmnist,2,-0.2214484679665738,0.28703398218409765,0.13416815742397137,0.6228412256267409
D-pathmnist-128px-batchnorm-policy-none-s2,pathmnist,5,-0.3084958217270195,0.3907951171230617,0.13774597495527727,0.5357938718662952
D-pathmnist-128px-batchnorm-policy-none-s2,pathmnist,10,-0.3383008356545961,0.42708677004289014,0.14311270125223613,0.5059888579387186
D-pathmnist-128px-batchnorm-policy-none-s2,pathmnist,25,-0.3649025069637883,0.45941933355328274,0.1475849731663685,0.47938718662952645
D-pathmnist-128px-batchnorm-policy-none-s2,pathmnist,50,-0.3672701949860724,0.4609039920818212,0.1404293381037567,0.47701949860724235
D-pathmnist-128px-batchnorm-policy-none-s2,pathmnist,100,-0.3635097493036211,0.4599142197294622,0.1592128801431127,0.4807799442896936
