run_id,dataset,n_views,bn_vs_naive_ci_high,bn_vs_clean_ci_low,bn_vs_clean_ci_high,bn_vs_naive_ci_low,bn_delta_vs_naive,bn_vs_naive_excludes_zero,bn_vs_clean_excludes_zero,bn_delta_vs_clean
A-bloodmnist-28px-batchnorm-policy-none-s0,bloodmnist,1,0.38614440222157265,-0.09032446653025439,-0.06781642794504528,0.3440514469453376,0.36539023677287347,True,True,-0.07892429114294064
A-bloodmnist-28px-batchnorm-policy-none-s0,bloodmnist,2,0.3589593686056709,-0.11137094416837179,-0.08681672025723475,0.31569716457176267,0.337620578778135,True,True,-0.09909383221280332
A-bloodmnist-28px-batchnorm-policy-none-s0,bloodmnist,5,0.29552762350190004,-0.10318620286465952,-0.07863197895352236,0.25255773165741013,0.27448114586378247,True,True,-0.09090909090909094
A-bloodmnist-28px-batchnorm-policy-none-s0,bloodmnist,10,0.2572347266881029,-0.11107863197895362,-0.08652440806781647,0.21426483484361292,0.2358959368605671,True,True,-0.09880152002338494
A-bloodmnist-28px-batchnorm-policy-none-s0,bloodmnist,25,0.23736480561239393,-0.10757088570593398,-0.08301666179479683,0.19526454253142356,0.21631102016954107,True,True,-0.09529377375036541
A-bloodmnist-28px-batchnorm-policy-none-s0,bloodmnist,50,0.22215726395790703,-0.11312481730488155,-0.08857059339374451,0.1788950599239989,0.20052616194095285,True,True,-0.10055539315989481
A-bloodmnist-28px-batchnorm-policy-none-s0,bloodmnist,100,0.20667202572347265,-0.11487869044139132,-0.090032154340836,0.1642794504530839,0.18591055247003796,True,True,-0.10230926629640458
A-bloodmnist-28px-batchnorm-policy-none-s1,bloodmnist,1,0.39052908506284717,-0.12218649517684887,-0.09880152002338494,0.3475591932183572,0.3691902952353113,True,True,-0.11049400760011696
A-bloodmnist-28px-batchnorm-policy-none-s1,bloodmnist,2,0.3019584916691026,-0.17012569424144985,-0.14352528500438477,0.2566501023092663,0.27915814089447527,True,True,-0.15667933352820818
A-bloodmnist-28px-batchnorm-policy-none-s1,bloodmnist,5,0.24437299035369775,-0.17421806489330605,-0.14761765565624085,0.19964922537269814,0.22215726395790703,True,True,-0.16077170418006437
A-bloodmnist-28px-batchnorm-policy-none-s1,bloodmnist,10,0.20549546916106398,-0.18298743057585498,-0.15551008477053496,0.1601870798012277,0.18327974276527326,True,True,-0.16924875767319503
A-bloodmnist-28px-batchnorm-policy-none-s1,bloodmnist,25,0.20461853259280915,-0.17684887459807075,-0.14995615317158728,0.15931014323297288,0.18181818181818177,True,True,-0.16340251388482907
A-bloodmnist-28px-batchnorm-policy-none-s1,bloodmnist,50,0.18737211341712956,-0.18474861151710026,-0.15726395790704473,0.14060216311020168,0.16398713826366562,True,True,-0.1710026308097048
A-bloodmnist-28px-batchnorm-policy-none-s1,bloodmnist,100,0.18181818181818177,-0.18591055247003796,-0.15872551885413622,0.1365097924583455,0.15931014323297277,True,True,-0.172171879567378
A-bloodmnist-28px-batchnorm-policy-none-s2,bloodmnist,1,0.4831920491084478,-0.10260157848582285,-0.08038585209003213,0.43963753288512136,0.46156094709149376,True,True,-0.09149371528792749
A-bloodmnist-28px-batchnorm-policy-none-s2,bloodmnist,2,0.4106986261327097,-0.14615609470914936,-0.12101724641917566,0.3650979245834552,0.38789827535808247,True,True,-0.1335866705641625
A-bloodmnist-28px-batchnorm-policy-none-s2,bloodmnist,5,0.38497515346389943,-0.15200964630225083,-0.12627886582870507,0.33762057877813506,0.36159017831043555,True,True,-0.1391406021631102
A-bloodmnist-28px-batchnorm-policy-none-s2,bloodmnist,10,0.36977491961414793,-0.1560947091493715,-0.13007892429114298,0.32271265711780184,0.346389944460684,True,True,-0.1429406606255481
A-bloodmnist-28px-batchnorm-policy-none-s2,bloodmnist,25,0.3744519146448406,-0.1549254603916983,-0.12890967553346977,0.3265127155802397,0.3504823151125402,True,True,-0.1417714118678749
A-bloodmnist-28px-batchnorm-policy-none-s2,bloodmnist,50,0.3738672902660041,-0.15551008477053496,-0.12949429991230632,0.3256357790119848,0.34960537854428525,True,True,-0.14264834843612983
A-bloodmnist-28px-batchnorm-policy-none-s2,bloodmnist,100,0.37679041216018705,-0.15580239695995324,-0.13007892429114298,0.3288512130955861,0.35311312481730484,True,True,-0.1429406606255481
A-bloodmnist-64px-batchnorm-policy-none-s0,bloodmnist,1,0.49488453668517984,-0.1031862028646594,-0.07366267173341123,0.45454545454545453,0.47500730780473543,True,True,-0.08827828120432624
A-bloodmnist-64px-batchnorm-policy-none-s0,bloodmnist,2,0.4627301958491669,-0.13680210464776377,-0.10435545162233273,0.42092955276235017,0.4419760304004676,True,True,-0.12043262204033911
A-bloodmnist-64px-batchnorm-policy-none-s0,bloodmnist,5,0.413914060216311,-0.14790996784565913,-0.11546331482022798,0.37065185618240276,0.392282958199357,True,True,-0.13154048523823436
A-bloodmnist-64px-batchnorm-policy-none-s0,bloodmnist,10,0.41449868459514766,-0.14615609470914948,-0.11400175387313649,0.3706518561824028,0.39257527038877515,True,True,-0.13037123648056126
A-bloodmnist-64px-batchnorm-policy-none-s0,bloodmnist,25,0.3992984507453961,-0.1496711487869044,-0.11750950014615613,0.35515200233849753,0.37737503653902366,True,True,-0.1335866705641625
A-bloodmnist-64px-batchnorm-policy-none-s0,bloodmnist,50,0.4048523823443438,-0.1484945922244958,-0.11634025138848292,0.36042092955276234,0.38263665594855306,True,True,-0.1324174218064893
A-bloodmnist-64px-batchnorm-policy-none-s0,bloodmnist,100,0.419760304004677,-0.14235603624671145,-0.10961707103186202,0.37562116340251395,0.39783688979830456,True,True,-0.1259865536392868
A-bloodmnist-64px-batchnorm-policy-none-s1,bloodmnist,1,0.5486699795381468,-0.12540192926045013,-0.09880152002338494,0.5095001461560946,0.5290850628471206,True,True,-0.11195556854720845
A-bloodmnist-64px-batchnorm-policy-none-s1,bloodmnist,2,0.555685472084186,-0.13212510961707102,-0.10434814381759727,0.5168079508915522,0.5361005553931599,True,True,-0.11809412452499268
A-bloodmnist-64px-batchnorm-policy-none-s1,bloodmnist,5,0.5285004384682841,-0.1484945922244958,-0.11984799766150245,0.4881613563285589,0.5083308973984215,True,True,-0.13417129494299906
A-bloodmnist-64px-batchnorm-policy-none-s1,bloodmnist,10,0.5483776673487284,-0.13037123648056126,-0.10201695410698619,0.5080385852090032,0.5282081262788658,True,True,-0.11575562700964626
A-bloodmnist-64px-batchnorm-policy-none-s1,bloodmnist,25,0.5574393452206957,-0.13270973399590769,-0.10406313943291434,0.5168079508915522,0.537269804150833,True,True,-0.11838643671441096
A-bloodmnist-64px-batchnorm-policy-none-s1,bloodmnist,50,0.5586085939783688,-0.1365097924583456,-0.10815551008477053,0.517684887459807,0.5384390529085064,True,True,-0.12247880736626715
A-bloodmnist-64px-batchnorm-policy-none-s1,bloodmnist,100,0.5600701549254604,-0.14206372405729317,-0.11312481730488166,0.5200233849751534,0.540192926045016,True,True,-0.12774042677579656
A-bloodmnist-64px-batchnorm-policy-none-s2,bloodmnist,1,0.45922244957614733,-0.1324174218064893,-0.10523238819058756,0.4180064308681672,0.43876059631686637,True,True,-0.11897106109324762
A-bloodmnist-64px-batchnorm-policy-none-s2,bloodmnist,2,0.4086524408067817,-0.17187956737795962,-0.14264834843612983,0.36772873428821984,0.3887752119263373,True,True,-0.15697164571762645
A-bloodmnist-64px-batchnorm-policy-none-s2,bloodmnist,5,0.35194387605963173,-0.1867874890382929,-0.1578485822858814,0.30751242326805023,0.33031277404267756,True,True,-0.172171879567378
A-bloodmnist-64px-batchnorm-policy-none-s2,bloodmnist,10,0.3478588132125109,-0.18591055247003796,-0.1563870213387899,0.3037123648056124,0.3259280912014031,True,True,-0.1710026308097048
A-bloodmnist-64px-batchnorm-policy-none-s2,bloodmnist,25,0.3387898275358082,-0.1882490499853844,-0.1590178310435545,0.2946506869336451,0.3168664133294358,True,True,-0.1736334405144695
A-bloodmnist-64px-batchnorm-policy-none-s2,bloodmnist,50,0.34025138848289976,-0.18737211341712945,-0.15843320666471794,0.29581262788658286,0.3183279742765273,True,True,-0.17275650394621456
A-bloodmnist-64px-batchnorm-policy-none-s2,bloodmnist,100,0.3446360713241743,-0.1867874890382929,-0.15814089447529966,0.29991230634317445,0.3224203449283835,True,True,-0.17246419175679628
A-pathmnist-28px-batchnorm-policy-none-s0,pathmnist,1,0.1261873259052925,-0.283008356545961,-0.2580779944289694,0.09637883008356546,0.11114206128133708,True,True,-0.2704735376044568
A-pathmnist-28px-batchnorm-policy-none-s0,pathmnist,2,0.0367722841225627,-0.3057137883008357,-0.28008356545961,0.006685236768802227,0.02172701949860728,True,True,-0.2927576601671309
A-pathmnist-28px-batchnorm-policy-none-s0,pathmnist,5,-0.018662952646239572,-0.3303621169916434,-0.3045961002785515,-0.048328690807799446,-0.033704735376044515,True,True,-0.3172701949860724
A-pathmnist-28px-batchnorm-policy-none-s0,pathmnist,10,-0.0711699164345404,-0.34665738161559895,-0.3207520891364902,-0.10069637883008359,-0.08579387186629522,True,True,-0.33384401114206125
A-pathmnist-28px-batchnorm-policy-none-s0,pathmnist,25,-0.11740598885793871,-0.35069986072423404,-0.3247876044568245,-0.14665738161559894,-0.13203342618384406,True,True,-0.33774373259052926
A-pathmnist-28px-batchnorm-policy-none-s0,pathmnist,50,-0.11699164345403901,-0.33217270194986076,-0.3064066852367688,-0.14651810584958214,-0.13175487465181057,True,True,-0.3193593314763231
A-pathmnist-28px-batchnorm-policy-none-s0,pathmnist,100,-0.0682451253481895,-0.2789693593314764,-0.25403899721448475,-0.09693593314763238,-0.08272980501392757,True,True,-0.26643454038997216
A-pathmnist-28px-batchnorm-policy-none-s1,pathmnist,1,0.10083565459610028,-0.3635097493036211,-0.34024721448467965,0.07284122562674095,0.0870473537604457,True,True,-0.3518105849582172
A-pathmnist-28px-batchnorm-policy-none-s1,pathmnist,2,0.06671309192200559,-0.36378830083565455,-0.3398328690807799,0.038022284122562644,0.0522284122562674,True,True,-0.35194986072423395
A-pathmnist-28px-batchnorm-policy-none-s1,pathmnist,5,0.06142061281337047,-0.3876044568245125,-0.36337047353760443,0.032869080779944326,0.046935933147632336,True,True,-0.37562674094707516
A-pathmnist-28px-batchnorm-policy-none-s1,pathmnist,10,0.05250696378830083,-0.3949895543175488,-0.3706128133704736,0.022980501392757646,0.03746518105849583,True,True,-0.38300835654596094
A-pathmnist-28px-batchnorm-policy-none-s1,pathmnist,25,0.042900417827298004,-0.3967966573816156,-0.3725626740947075,0.013649025069637888,0.02855153203342614,True,True,-0.38467966573816154
A-pathmnist-28px-batchnorm-policy-none-s1,pathmnist,50,0.05097493036211698,-0.37785515320334256,-0.3536211699164345,0.021587743732590536,0.036490250696378845,True,True,-0.36573816155988853
A-pathmnist-28px-batchnorm-policy-none-s1,pathmnist,100,0.07256267409470751,-0.34902506963788305,-0.32493036211699167,0.04289693593314764,0.05766016713091926,True,True,-0.3369080779944289
A-pathmnist-28px-batchnorm-policy-none-s2,pathmnist,1,0.3348189415041783,-0.18119777158774375,-0.1548746518105849,0.3064066852367688,0.3204735376044568,True,True,-0.16810584958217267
A-pathmnist-28px-batchnorm-policy-none-s2,pathmnist,2,0.29206128133704734,-0.19707520891364894,-0.1697736768802228,0.2639275766016714,0.278133704735376,True,True,-0.1834261838440111
A-pathmnist-28px-batchnorm-policy-none-s2,pathmnist,5,0.2575208913649025,-0.20974930362116995,-0.18245125348189417,0.2279944289693593,0.24317548746518103,True,True,-0.19596100278551531
A-pathmnist-28px-batchnorm-policy-none-s2,pathmnist,10,0.22813370473537603,-0.22353760445682447,-0.196100278551532,0.19874651810584965,0.21350974930362115,True,True,-0.20961002785515315
A-pathmnist-28px-batchnorm-policy-none-s2,pathmnist,25,0.22075208913649025,-0.2293906685236769,-0.20222841225626742,0.19080779944289694,0.20571030640668525,True,True,-0.21587743732590525
A-pathmnist-28px-batchnorm-policy-none-s2,pathmnist,50,0.23551532033426187,-0.21573816155988856,-0.1884401114206129,0.20584958217270194,0.22075208913649025,True,True,-0.20194986072423393
A-pathmnist-28px-batchnorm-policy-none-s2,pathmnist,100,0.26587743732590524,-0.1853760445682452,-0.1583565459610028,0.2371866295264624,0.2513927576601671,True,True,-0.17200557103064062
A-pathmnist-64px-batchnorm-policy-none-s0,pathmnist,1,0.31935933147632317,-0.10069986072423402,-0.07701949860724233,0.2919220055710306,0.3058495821727019,True,True,-0.08899721448467968
A-pathmnist-64px-batchnorm-policy-none-s0,pathmnist,2,0.24108635097493036,-0.1658774373259052,-0.14150417827298045,0.21406685236768802,0.22757660167130922,True,True,-0.15362116991643449
A-pathmnist-64px-batchnorm-policy-none-s0,pathmnist,5,0.2899721448467967,-0.10417827298050142,-0.08105849582172708,0.2633704735376044,0.2767409470752089,True,True,-0.09247910863509745
A-pathmnist-64px-batchnorm-policy-none-s0,pathmnist,10,0.2637883008356546,-0.12576601671309195,-0.10222841225626744,0.23690807799442898,0.25055710306406687,True,True,-0.11406685236768799
A-pathmnist-64px-batchnorm-policy-none-s0,pathmnist,25,0.26573816155988855,-0.13231197771587744,-0.10877437325905293,0.23955431754874656,0.2527855153203343,True,True,-0.12033426183844009
A-pathmnist-64px-batchnorm-policy-none-s0,pathmnist,50,0.28607242339832867,-0.11197771587743732,-0.0885793871866295,0.26002785515320337,0.27325905292479113,True,True,-0.10027855153203336
A-pathmnist-64px-batchnorm-policy-none-s0,pathmnist,100,0.24456824512534814,-0.15446030640668523,-0.13077994428969364,0.21810236768802227,0.23147632311977717,True,True,-0.14261838440111418
A-pathmnist-64px-batchnorm-policy-none-s1,pathmnist,1,0.41559888579387183,-0.05947423398328693,-0.0348189415041783,0.3873259052924792,0.4016713091922005,True,True,-0.047075208913649025
A-pathmnist-64px-batchnorm-policy-none-s1,pathmnist,2,0.32938718662952643,-0.12758008356545963,-0.10181058495821727,0.30013927576601673,0.3149025069637883,True,True,-0.11476323119777154
A-pathmnist-64px-batchnorm-policy-none-s1,pathmnist,5,0.3697771587743733,-0.07883008356545951,-0.05320334261838444,0.34108635097493034,0.35543175487465184,True,True,-0.06601671309192192
A-pathmnist-64px-batchnorm-policy-none-s1,pathmnist,10,0.3353760445682451,-0.09888579387186625,-0.07339832869080787,0.3062674094707521,0.3207520891364903,True,True,-0.08621169916434535
A-pathmnist-64px-batchnorm-policy-none-s1,pathmnist,25,0.3160201949860724,-0.1061281337047354,-0.08050139275766022,0.2863509749303621,0.30097493036211703,True,True,-0.09345403899721438
A-pathmnist-64px-batchnorm-policy-none-s1,pathmnist,50,0.33635097493036215,-0.08091922005571028,-0.055431754874651795,0.30682451253481896,0.3214484679665738,True,True,-0.0681058495821727
A-pathmnist-64px-batchnorm-policy-none-s1,pathmnist,100,0.28662952646239553,-0.12715877437325906,-0.10181058495821727,0.25724233983286904,0.27186629526462397,True,True,-0.11476323119777154
A-pathmnist-64px-batchnorm-policy-none-s2,pathmnist,1,0.3387186629526462,-0.2008356545961002,-0.17701949860724242,0.30988857938718667,0.32437325905292475,True,True,-0.18899721448467965
A-pathmnist-64px-batchnorm-policy-none-s2,pathmnist,2,0.24498607242339832,-0.24470752089136483,-0.21991643454039,0.21699164345403898,0.231058495821727,True,True,-0.23231197771587742
A-pathmnist-64px-batchnorm-policy-none-s2,pathmnist,5,0.24902506963788296,-0.20793871866295255,-0.1837047353760446,0.22075208913649025,0.2348189415041782,True,True,-0.19582172701949863
A-pathmnist-64px-batchnorm-policy-none-s2,pathmnist,10,0.2064066852367688,-0.22423398328690813,-0.19999999999999996,0.17910863509749297,0.19261838440111423,True,True,-0.21225626740947068
A-pathmnist-64px-batchnorm-policy-none-s2,pathmnist,25,0.19038997214484682,-0.2295299442896936,-0.20487465181058495,0.16295264623955436,0.1766016713091922,True,True,-0.21699164345403898
A-pathmnist-64px-batchnorm-policy-none-s2,pathmnist,50,0.20849582172701947,-0.2105849582172702,-0.1866295264623956,0.1811977715877437,0.1947075208913649,True,True,-0.19874651810584953
A-pathmnist-64px-batchnorm-policy-none-s2,pathmnist,100,0.1742339832869081,-0.23941504178272988,-0.21462395543175483,0.1469359331476323,0.1604456824512535,True,True,-0.22674094707520887
B-bloodmnist-28px-batchnorm-policy-matched_mixed-s0,bloodmnist,1,0.046769950306927766,0.013154048523823403,0.02893890675241151,0.020754165448699236,0.03390821397252264,True,True,0.02104647763811751
B-bloodmnist-28px-batchnorm-policy-matched_mixed-s0,bloodmnist,2,0.03595439929845068,0.01403098509207834,0.03156971645717621,0.009938614440222149,0.02309266296404555,True,True,0.022800350774627276
B-bloodmnist-28px-batchnorm-policy-matched_mixed-s0,bloodmnist,5,0.026892721426483468,0.012569424144986852,0.03098509207833977,0.0014615609470914892,0.014323297281496727,True,True,0.02192341420637245
B-bloodmnist-28px-batchnorm-policy-matched_mixed-s0,bloodmnist,10,0.026308097047646917,0.01344636071324179,0.03156971645717621,0.0014615609470914892,0.01403098509207834,True,True,0.022508038585209
B-bloodmnist-28px-batchnorm-policy-matched_mixed-s0,bloodmnist,25,0.021338789827535787,0.012569424144986852,0.030692779888921384,-0.0029231218941829784,0.009353990061385486,False,True,0.021631102016954062
B-bloodmnist-28px-batchnorm-policy-matched_mixed-s0,bloodmnist,50,0.02455422391113704,0.013738672902659954,0.032154340836012874,-0.0005846243788366623,0.011692487576731914,False,True,0.022800350774627276
B-bloodmnist-28px-batchnorm-policy-matched_mixed-s0,bloodmnist,100,0.023384975153463827,0.014907921660333168,0.032738965214849536,-0.0014615609470914892,0.010815551008477087,False,True,0.023677287342882214
B-bloodmnist-28px-batchnorm-policy-matched_mixed-s1,bloodmnist,1,0.013446360713241678,-0.002338497515346427,0.009353990061385598,-0.008769365682548935,0.002338497515346316,False,False,0.0035077462730195297
B-bloodmnist-28px-batchnorm-policy-matched_mixed-s1,bloodmnist,2,-0.0052616194095294055,-0.006430868167202619,0.006430868167202619,-0.02689272142648347,-0.01607717041800638,True,False,0.0
B-bloodmnist-28px-batchnorm-policy-matched_mixed-s1,bloodmnist,5,-0.013446360713241678,-0.00847705349313066,0.00496930722011113,-0.03390821397252264,-0.023677287342882214,True,False,-0.0014615609470914892
B-bloodmnist-28px-batchnorm-policy-matched_mixed-s1,bloodmnist,10,-0.01900029231218947,-0.007600116924875833,0.005846243788365957,-0.03946214557147032,-0.029231218941829895,True,False,-0.0008769365682549379
B-bloodmnist-28px-batchnorm-policy-matched_mixed-s1,bloodmnist,25,-0.018707980122771084,-0.007600116924875833,0.005846243788365957,-0.039169833382052044,-0.02893890675241162,True,False,-0.0008769365682549379
B-bloodmnist-28px-batchnorm-policy-matched_mixed-s1,bloodmnist,50,-0.020169541069862573,-0.007307804735457446,0.0061385559777842325,-0.04005407775504237,-0.030108155510084833,True,False,-0.0005846243788366623
B-bloodmnist-28px-batchnorm-policy-matched_mixed-s1,bloodmnist,100,-0.019584916691026022,-0.006723180356620895,0.006723180356620895,-0.039754457760888595,-0.02952353113124817,True,False,0.0
B-bloodmnist-28px-batchnorm-policy-matched_mixed-s2,bloodmnist,1,0.02396959953230049,-0.004676995030692854,0.008769365682548939,0.0029231218941829784,0.013446360713241678,True,False,0.0020461853259280405
B-bloodmnist-28px-batchnorm-policy-matched_mixed-s2,bloodmnist,2,0.012569424144986852,-0.007600116924875833,0.00701549254603917,-0.008184741303712384,0.0020461853259281515,False,False,-0.00029231218941827564
B-bloodmnist-28px-batchnorm-policy-matched_mixed-s2,bloodmnist,5,0.004092370651856192,-0.012277111955568576,0.0038000584624378053,-0.01695410698626132,-0.006430868167202508,False,False,-0.004384682841274468
B-bloodmnist-28px-batchnorm-policy-matched_mixed-s2,bloodmnist,10,0.004969307220111019,-0.010230926629640535,0.005553931598947681,-0.01607717041800638,-0.005553931598947681,False,False,-0.002338497515346427
B-bloodmnist-28px-batchnorm-policy-matched_mixed-s2,bloodmnist,25,0.004676995030692743,-0.011107863197895362,0.004676995030692746,-0.016369482607424768,-0.005846243788365957,False,False,-0.003215434083601254
B-bloodmnist-28px-batchnorm-policy-matched_mixed-s2,bloodmnist,50,0.0038000584624379163,-0.011107863197895362,0.004676995030692854,-0.01695410698626132,-0.006723180356620895,False,False,-0.003215434083601254
B-bloodmnist-28px-batchnorm-policy-matched_mixed-s2,bloodmnist,100,0.0052616194095294055,-0.009353990061385598,0.0061385559777843435,-0.01549254603916983,-0.0052616194095294055,False,False,-0.0014615609470914892
B-pathmnist-28px-batchnorm-policy-matched_mixed-s0,pathmnist,1,-0.004456824512534818,-0.07883008356545951,-0.06253481894150426,-0.029387186629526444,-0.01699164345403903,True,True,-0.07075208913649023
B-pathmnist-28px-batchnorm-policy-matched_mixed-s0,pathmnist,2,-0.037186629526462456,-0.08593314763231197,-0.06908077994428974,-0.06169916434540379,-0.04930362116991638,True,True,-0.07757660167130909
B-pathmnist-28px-batchnorm-policy-matched_mixed-s0,pathmnist,5,-0.04387186629526463,-0.08635097493036215,-0.0697771587743733,-0.0681058495821727,-0.05598885793871866,True,True,-0.07813370473537595
B-pathmnist-28px-batchnorm-policy-matched_mixed-s0,pathmnist,10,-0.04874651810584962,-0.08509749303621172,-0.06893802228412257,-0.07256267409470751,-0.061002785515320346,True,True,-0.07674094707520884
B-pathmnist-28px-batchnorm-policy-matched_mixed-s0,pathmnist,25,-0.053339136490250655,-0.08523676880222841,-0.06880222841225625,-0.07701949860724233,-0.06504178272980499,True,True,-0.07688022284122553
B-pathmnist-28px-batchnorm-policy-matched_mixed-s0,pathmnist,50,-0.05362116991643462,-0.08635097493036215,-0.06991643454038998,-0.07799442896935938,-0.06587743732590523,True,True,-0.07799442896935926
B-pathmnist-28px-batchnorm-policy-matched_mixed-s0,pathmnist,100,-0.05334261838440113,-0.08314763231197764,-0.06699164345403896,-0.07674094707520895,-0.06504178272980499,True,True,-0.07493036211699156
B-pathmnist-28px-batchnorm-policy-matched_mixed-s1,pathmnist,1,-0.038718662952646254,-0.047214484679665714,-0.034401114206128125,-0.05863509749303619,-0.04874651810584951,True,True,-0.04080779944289692
B-pathmnist-28px-batchnorm-policy-matched_mixed-s1,pathmnist,2,-0.05919220055710306,-0.04735376044568251,-0.034401114206128125,-0.07813370473537606,-0.06866295264623945,True,True,-0.04080779944289692
B-pathmnist-28px-batchnorm-policy-matched_mixed-s1,pathmnist,5,-0.06866295264623945,-0.05348189415041782,-0.040111420612813364,-0.08788300835654594,-0.07827298050139275,True,True,-0.04679665738161565
B-pathmnist-28px-batchnorm-policy-matched_mixed-s1,pathmnist,10,-0.0694986072423398,-0.05055710306406691,-0.037879526462395535,-0.08802228412256274,-0.07869080779944293,True,True,-0.044150417827298116
B-pathmnist-28px-batchnorm-policy-matched_mixed-s1,pathmnist,25,-0.07005571030640667,-0.04735376044568251,-0.03412256267409475,-0.08885793871866288,-0.07924791086350969,True,True,-0.04080779944289692
B-pathmnist-28px-batchnorm-policy-matched_mixed-s1,pathmnist,50,-0.07506963788300836,-0.050000000000000044,-0.037047353760445656,-0.09401114206128136,-0.08454038997214486,True,True,-0.04359331476323125
B-pathmnist-28px-batchnorm-policy-matched_mixed-s1,pathmnist,100,-0.07479108635097487,-0.051253481894150466,-0.0380222841225627,-0.0933147632311978,-0.08412256267409468,True,True,-0.04456824512534818
B-pathmnist-28px-batchnorm-policy-matched_mixed-s2,pathmnist,1,0.031754874651810594,-0.014623955431754876,0.0004178272980501774,0.01114206128133699,0.021587743732590536,True,False,-0.007103064066852349
B-pathmnist-28px-batchnorm-policy-matched_mixed-s2,pathmnist,2,0.007660167130919215,-0.018941504178273005,-0.003203342618384397,-0.0126740947075209,-0.002506963788300842,False,True,-0.011002785515320301
B-pathmnist-28px-batchnorm-policy-matched_mixed-s2,pathmnist,5,-0.005153203342618373,-0.014902506963788253,0.0008356545961002437,-0.024791086350974934,-0.014902506963788364,True,False,-0.007103064066852349
B-pathmnist-28px-batchnorm-policy-matched_mixed-s2,pathmnist,10,-0.010863509749303613,-0.013927576601671321,0.0016713091922005985,-0.030362116991643484,-0.020612813370473493,True,False,-0.006128133704735306
B-pathmnist-28px-batchnorm-policy-matched_mixed-s2,pathmnist,25,-0.011142061281337101,-0.012956128133704772,0.002506963788300842,-0.030362116991643484,-0.02089136490250698,True,False,-0.005153203342618373
B-pathmnist-28px-batchnorm-policy-matched_mixed-s2,pathmnist,50,-0.019359331476323183,-0.018802228412256317,-0.0030640668523677084,-0.038579387186629566,-0.028969359331476374,True,True,-0.011002785515320301
B-pathmnist-28px-batchnorm-policy-matched_mixed-s2,pathmnist,100,-0.013927576601671321,-0.013927576601671213,0.0016713091922004875,-0.033147632311977704,-0.023537604456824512,True,False,-0.006128133704735306
C-dermamnist-28px-resnet18-batchnorm-policy-none-s0,dermamnist,1,0.10573566084788033,-0.0004987531172070403,0.017456359102244412,0.06783042394014971,0.08728179551122195,True,False,0.008478802992518686
C-dermamnist-28px-resnet18-batchnorm-policy-none-s0,dermamnist,2,0.05985037406483795,-0.004987531172069848,0.015960099750623402,0.026932668329177067,0.04339152119700751,True,False,0.005486284289276777
C-dermamnist-28px-resnet18-batchnorm-policy-none-s0,dermamnist,5,0.04339152119700751,-0.003491271820448949,0.01895261845386531,0.012468827930174564,0.027930174563591037,True,False,0.007481296758104716
C-dermamnist-28px-resnet18-batchnorm-policy-none-s0,dermamnist,10,0.02194513715710722,-0.003491271820448838,0.01945137157107235,-0.005985037406483706,0.007980049875311646,False,False,0.007980049875311646
C-dermamnist-28px-resnet18-batchnorm-policy-none-s0,dermamnist,25,0.02244389027431426,-0.0024937655860348684,0.02044887780548621,-0.003990024937655767,0.009476309226932655,False,False,0.008977556109725615
C-dermamnist-28px-resnet18-batchnorm-policy-none-s0,dermamnist,50,0.01995012468827928,-0.001995012468827939,0.02094763092269325,-0.006483790523690747,0.006982543640897787,False,False,0.009476309226932655
C-dermamnist-28px-resnet18-batchnorm-policy-none-s0,dermamnist,100,0.01845386533665827,-0.004488778054862919,0.01795511221945134,-0.007481296758104716,0.005486284289276777,False,False,0.006483790523690747
C-dermamnist-28px-resnet18-batchnorm-policy-none-s1,dermamnist,1,0.06882793017456357,0.0,0.015960099750623402,0.03990024937655867,0.054364089775561175,True,False,0.007980049875311757
C-dermamnist-28px-resnet18-batchnorm-policy-none-s1,dermamnist,2,0.056359102244389114,-0.004488778054862919,0.013965087281795463,0.030423940149625905,0.0433915211970074,True,False,0.0044887780548628076
C-dermamnist-28px-resnet18-batchnorm-policy-none-s1,dermamnist,5,0.055361596009975145,-0.003491271820448949,0.016458852867830442,0.028428927680798077,0.0418952618453865,True,False,0.006483790523690747
C-dermamnist-28px-resnet18-batchnorm-policy-none-s1,dermamnist,10,0.050872817955112226,-0.0029925187032419087,0.01845386533665838,0.024438902743142088,0.03740648379052369,True,False,0.007481296758104716
C-dermamnist-28px-resnet18-batchnorm-policy-none-s1,dermamnist,25,0.053366583541147095,-0.0009975062344139696,0.01996259351620938,0.027431421446383997,0.03990024937655856,True,False,0.009476309226932655
C-dermamnist-28px-resnet18-batchnorm-policy-none-s1,dermamnist,50,0.049376558603491216,-0.0029925187032419087,0.017955112219451452,0.02394014962593516,0.03640897755610972,True,False,0.007481296758104716
C-dermamnist-28px-resnet18-batchnorm-policy-none-s1,dermamnist,100,0.051371571072319155,-0.001995012468827939,0.01895261845386531,0.025935162094763098,0.03840399002493766,True,False,0.008478802992518686
C-dermamnist-28px-resnet18-batchnorm-policy-none-s2,dermamnist,1,0.08977556109725693,-0.007980049875311646,0.012468827930174564,0.051870324189526196,0.07132169576059844,True,False,0.0024937655860348684
C-dermamnist-28px-resnet18-batchnorm-policy-none-s2,dermamnist,2,0.051371571072319266,-0.00847880299251869,0.014962593516209433,0.016957605985037483,0.034413965087281784,True,False,0.0029925187032419087
C-dermamnist-28px-resnet18-batchnorm-policy-none-s2,dermamnist,5,0.03740648379052369,-0.009476309226932655,0.015960099750623402,0.004975062344139785,0.02094763092269325,True,False,0.0029925187032419087
C-dermamnist-28px-resnet18-batchnorm-policy-none-s2,dermamnist,10,0.02294264339152119,-0.008977556109725726,0.015960099750623402,-0.008478802992518686,0.007481296758104716,False,False,0.003491271820448838
C-dermamnist-28px-resnet18-batchnorm-policy-none-s2,dermamnist,25,0.01945137157107235,-0.009975062344139585,0.014962593516209436,-0.011970074812967635,0.003491271820448838,False,False,0.0024937655860348684
C-dermamnist-28px-resnet18-batchnorm-policy-none-s2,dermamnist,50,0.01995012468827928,-0.007980049875311757,0.01695760598503737,-0.011970074812967524,0.003990024937655878,False,False,0.0044887780548628076
C-dermamnist-28px-resnet18-batchnorm-policy-none-s2,dermamnist,100,0.014463840399002503,-0.010972568578553665,0.013965087281795466,-0.016458852867830442,-0.0009975062344139696,False,False,0.0014962593516208988
D-bloodmnist-128px-batchnorm-policy-none-s0,bloodmnist,1,0.5419467991815259,-0.09763227126571183,-0.07570885705933939,0.5018927214264836,0.5217772581116633,True,True,-0.08652440806781647
D-bloodmnist-128px-batchnorm-policy-none-s0,bloodmnist,2,0.5261619409529377,-0.1271558023969599,-0.1020169541069863,0.48406898567670276,0.5054077755042385,True,True,-0.11458637825197315
D-bloodmnist-128px-batchnorm-policy-none-s0,bloodmnist,5,0.4969307220111079,-0.13943291435252847,-0.11400175387313649,0.45513007892429114,0.4761765565624087,True,True,-0.12657117801812334
D-bloodmnist-128px-batchnorm-policy-none-s0,bloodmnist,10,0.49283835135925164,-0.1391479099678457,-0.1140017538731366,0.44957614732534346,0.4709149371528793,True,True,-0.12657117801812334
D-bloodmnist-128px-batchnorm-policy-none-s0,bloodmnist,25,0.5016077170418005,-0.13329435837474424,-0.10815551008477053,0.4580532008184741,0.47968430283542823,True,True,-0.12072493422975739
D-bloodmnist-128px-batchnorm-policy-none-s0,bloodmnist,50,0.4884536685179772,-0.1429479684302835,-0.11721718795673775,0.44460684010523244,0.4671148786904414,True,True,-0.13037123648056126
D-bloodmnist-128px-batchnorm-policy-none-s0,bloodmnist,100,0.4998538439052908,-0.1391406021631102,-0.11341712949429994,0.4562993276819643,0.47822274188833674,True,True,-0.1259865536392868
D-bloodmnist-128px-batchnorm-policy-none-s1,bloodmnist,1,0.5442852966968722,-0.016661794796843044,0.014907921660333279,0.5045235311312483,0.524408067816428,True,False,-0.0011692487576732136
D-bloodmnist-128px-batchnorm-policy-none-s1,bloodmnist,2,0.5244080678164279,-0.06372405729318908,-0.029231218941829895,0.4817231803566209,0.5027769657994738,True,True,-0.0464776381175096
D-bloodmnist-128px-batchnorm-policy-none-s1,bloodmnist,5,0.4659456299327682,-0.08944752996199934,-0.05349313066354866,0.42092955276235017,0.4437299035369775,True,True,-0.07132417421806492
D-bloodmnist-128px-batchnorm-policy-none-s1,bloodmnist,10,0.46214557147033036,-0.09090909090909083,-0.05523969599532308,0.4171294942999123,0.4393452206957031,True,True,-0.07307804735457468
D-bloodmnist-128px-batchnorm-policy-none-s1,bloodmnist,25,0.46185325928091203,-0.0926629640456007,-0.05612394036831336,0.4165448699210757,0.43934522069570303,True,True,-0.0742472961122479
D-bloodmnist-128px-batchnorm-policy-none-s1,bloodmnist,50,0.45309120140309844,-0.09997076878105815,-0.06343174510377081,0.4068985676702719,0.4302835428237358,True,True,-0.08155510084770534
D-bloodmnist-128px-batchnorm-policy-none-s1,bloodmnist,100,0.45659163987138257,-0.10143232972814964,-0.06430868167202575,0.40982168956445486,0.4334989769073371,True,True,-0.08272434960537856
D-bloodmnist-128px-batchnorm-policy-none-s2,bloodmnist,1,0.4878690441391406,-0.15434083601286175,-0.12744811458637828,0.44693802981584335,0.4671148786904414,True,True,-0.14089447529961996
D-bloodmnist-128px-batchnorm-policy-none-s2,bloodmnist,2,0.49342297573808824,-0.17509500146156087,-0.14761765565624085,0.45249926921952643,0.4729611224788074,True,True,-0.1613563285589008
D-bloodmnist-128px-batchnorm-policy-none-s2,bloodmnist,5,0.4519146448406898,-0.19029523531131254,-0.16135632855890092,0.40952937737503653,0.430575855013154,True,True,-0.17567962584039754
D-bloodmnist-128px-batchnorm-policy-none-s2,bloodmnist,10,0.4562993276819643,-0.19146448406898564,-0.16223326512715575,0.4127448114586378,0.4346682256650103,True,True,-0.17655656240865236
D-bloodmnist-128px-batchnorm-policy-none-s2,bloodmnist,25,0.4595147617655656,-0.202572347266881,-0.17304881613563283,0.41654486992107564,0.43759134755919327,True,True,-0.18766442560654772
D-bloodmnist-128px-batchnorm-policy-none-s2,bloodmnist,50,0.4577608886290558,-0.2107570885705934,-0.18094124524992694,0.41479099678456594,0.43642209880152,True,True,-0.1958491669102601
D-bloodmnist-128px-batchnorm-policy-none-s2,bloodmnist,100,0.4644840689856767,-0.20344928383513594,-0.1748026892721427,0.4209295527623502,0.4428529669687226,True,True,-0.18883367436422094
D-pathmnist-128px-batchnorm-policy-none-s0,pathmnist,1,0.2750696378830083,-0.04443245125348188,-0.027019498607242287,0.24498607242339832,0.26016713091922006,True,True,-0.035654596100278546
D-pathmnist-128px-batchnorm-policy-none-s0,pathmnist,2,0.16225626740947074,-0.14122562674094707,-0.12005571030640672,0.13147632311977714,0.14693593314763237,True,True,-0.13064066852367684
D-pathmnist-128px-batchnorm-policy-none-s0,pathmnist,5,0.24052924791086344,-0.06545961002785516,-0.04651810584958216,0.20919220055710308,0.22493036211699163,True,True,-0.05598885793871866
D-pathmnist-128px-batchnorm-policy-none-s0,pathmnist,10,0.2334261838440111,-0.06768802228412252,-0.048328690807799446,0.2026462395543176,0.21810584958217272,True,True,-0.05793871866295264
D-pathmnist-128px-batchnorm-policy-none-s0,pathmnist,25,0.22827646239554314,-0.07298050139275769,-0.054038997214484685,0.1977715877437326,0.21309192200557098,True,True,-0.0633704735376045
D-pathmnist-128px-batchnorm-policy-none-s0,pathmnist,50,0.16420612813370472,-0.13704735376044563,-0.11573816155988859,0.13370473537604455,0.14888579387186635,True,True,-0.12618384401114202
D-pathmnist-128px-batchnorm-policy-none-s0,pathmnist,100,0.21643454038997217,-0.08774373259052926,-0.06824512534818938,0.1866295264623955,0.20125348189415038,True,True,-0.07799442896935938
D-pathmnist-128px-batchnorm-policy-none-s1,pathmnist,1,0.2598920612813371,-0.1947075208913649,-0.16977715877437327,0.23203342618384404,0.2459610027855153,True,True,-0.18245125348189417
D-pathmnist-128px-batchnorm-policy-none-s1,pathmnist,2,0.1700557103064067,-0.25766016713091916,-0.23231197771587747,0.1423398328690808,0.15640668523676882,True,True,-0.245125348189415
D-pathmnist-128px-batchnorm-policy-none-s1,pathmnist,5,0.24554317548746513,-0.20933147632311971,-0.18384401114206128,0.21782729805013928,0.23175487465181055,True,True,-0.19651810584958218
D-pathmnist-128px-batchnorm-policy-none-s1,pathmnist,10,0.24484679665738168,-0.20459610027855157,-0.17910863509749309,0.21685236768802224,0.23077994428969356,True,True,-0.19206128133704736
D-pathmnist-128px-batchnorm-policy-none-s1,pathmnist,25,0.23314763231197777,-0.2128133704735376,-0.1880222841225626,0.20584958217270194,0.21963788300835652,True,True,-0.20041782729805013
D-pathmnist-128px-batchnorm-policy-none-s1,pathmnist,50,0.18245125348189412,-0.2607242339832869,-0.2352367688022285,0.1551532033426184,0.16880222841225623,True,True,-0.24805013927576602
D-pathmnist-128px-batchnorm-policy-none-s1,pathmnist,100,0.21239554317548748,-0.2292479108635097,-0.20389972144846802,0.18481545961002788,0.19860724233983285,True,True,-0.21657381615598886
D-pathmnist-128px-batchnorm-policy-none-s2,pathmnist,1,0.3903899721448467,-0.11253481894150419,-0.09080779944289696,0.3615598885793872,0.376183844011142,True,True,-0.10181058495821727
D-pathmnist-128px-batchnorm-policy-none-s2,pathmnist,2,0.3149025069637883,-0.1629526462395543,-0.1398293871866295,0.2853760445682451,0.29999999999999993,True,True,-0.15125348189415044
D-pathmnist-128px-batchnorm-policy-none-s2,pathmnist,5,0.33537604456824516,-0.1279944289693593,-0.10571030640668533,0.3058495821727019,0.3207520891364903,True,True,-0.11685236768802221
D-pathmnist-128px-batchnorm-policy-none-s2,pathmnist,10,0.33008356545961004,-0.11337047353760443,-0.09136490250696372,0.30041782729805017,0.3153203342618385,True,True,-0.10222841225626733
D-pathmnist-128px-batchnorm-policy-none-s2,pathmnist,25,0.3002785515320334,-0.1247945682451254,-0.1027855153203342,0.27103064066852367,0.2853760445682451,True,True,-0.11378830083565461
D-pathmnist-128px-batchnorm-policy-none-s2,pathmnist,50,0.25543175487465186,-0.15849582172701948,-0.13537604456824515,0.22437325905292482,0.23997214484679663,True,True,-0.147075208913649
D-pathmnist-128px-batchnorm-policy-none-s2,pathmnist,100,0.2580779944289693,-0.140807799442897,-0.11852367688022292,0.22715877437325904,0.24275766016713085,True,True,-0.1296657381615599
