run_id,dataset,policy,families,n_views,n_samples,ci_excludes_zero,rescue_rate,mcnemar_p,ci_low,harm_rate,delta_accuracy,bootstrap_seed,ci_high
A-bloodmnist-28px-batchnorm-policy-none-s0,bloodmnist,none,H1|H2|H3,1,3421,True,0.2607655502392344,1.1386181707197604e-290,-0.4624378836597486,0.5424575424575424,-0.4443145279158141,7772174930547960112,-0.4253069277988893
A-bloodmnist-28px-batchnorm-policy-none-s0,bloodmnist,none,H1|H2|H3,2,3421,True,0.24162679425837322,8.833465465587732e-288,-0.45542239111370947,0.5311355311355311,-0.43671441099093833,17744866085824632005,-0.4185910552470038
A-bloodmnist-28px-batchnorm-policy-none-s0,bloodmnist,none,H1|H2|H3,5,3421,True,0.2966507177033493,1.8110443541233252e-228,-0.38322128032738967,0.45754245754245754,-0.3653902367728734,8669719712783655704,-0.3466822566501023
A-bloodmnist-28px-batchnorm-policy-none-s0,bloodmnist,none,H1|H2|H3,10,3421,True,0.27751196172248804,1.0721031197013775e-208,-0.3534054370067231,0.4199134199134199,-0.334697456883952,16676869210304849907,-0.3165741011400176
A-bloodmnist-28px-batchnorm-policy-none-s0,bloodmnist,none,H1|H2|H3,25,3421,True,0.2631578947368421,8.117316439508568e-194,-0.32914352528500446,0.3916083916083916,-0.3116047939199065,17382696772361217581,-0.29377375036539033
A-bloodmnist-28px-batchnorm-policy-none-s0,bloodmnist,none,H1|H2|H3,50,3421,True,0.26555023923444976,6.196215814823968e-186,-0.3189125986553639,0.37995337995337997,-0.30108155510084766,7384720772401349468,-0.2832505115463315
A-bloodmnist-28px-batchnorm-policy-none-s0,bloodmnist,none,H1|H2|H3,100,3421,True,0.27751196172248804,3.001357680258918e-175,-0.3060508623209587,0.366966366966367,-0.28821981876644254,8093274550300465174,-0.27068108740134467
A-bloodmnist-28px-batchnorm-policy-none-s1,bloodmnist,none,H1|H2|H3,1,3421,True,0.2804878048780488,2e-322,-0.498099970768781,0.5602974458454575,-0.4796843028354283,10222858596199268108,-0.4612686349020754
A-bloodmnist-28px-batchnorm-policy-none-s1,bloodmnist,none,H1|H2|H3,2,3421,True,0.2621951219512195,2.805184414640218e-292,-0.45425314235603625,0.5098609763983187,-0.43583747442268345,8324678343284921574,-0.41800643086816724
A-bloodmnist-28px-batchnorm-policy-none-s1,bloodmnist,none,H1|H2|H3,5,3421,True,0.29573170731707316,9.575800752145669e-250,-0.40105232388190587,0.45489815712900095,-0.3829289681379714,5154445687878992640,-0.36480561239403686
A-bloodmnist-28px-batchnorm-policy-none-s1,bloodmnist,none,H1|H2|H3,10,3421,True,0.32621951219512196,2.249834575648352e-224,-0.37035954399298454,0.4245069511800841,-0.3525285004384683,9520091197739160641,-0.3341128325051155
A-bloodmnist-28px-batchnorm-policy-none-s1,bloodmnist,none,H1|H2|H3,25,3421,True,0.32926829268292684,9.332470648356994e-219,-0.3630517392575271,0.4167474943420627,-0.34522069570301084,9770987876446183584,-0.3270973399590763
A-bloodmnist-28px-batchnorm-policy-none-s1,bloodmnist,none,H1|H2|H3,50,3421,True,0.35060975609756095,3.299780990933236e-209,-0.3534054370067231,0.4076947946977045,-0.3349897690733704,8142253687881374458,-0.31715872551885416
A-bloodmnist-28px-batchnorm-policy-none-s1,bloodmnist,none,H1|H2|H3,100,3421,True,0.3475609756097561,5.654924427965092e-207,-0.3496053785442852,0.4034917555771096,-0.3314820228003508,10584747726180621086,-0.3136509792458345
A-bloodmnist-28px-batchnorm-policy-none-s2,bloodmnist,none,H1|H2|H3,1,3421,True,0.3051948051948052,0.0,-0.5708857059339375,0.593510866238139,-0.5530546623794212,17861886833095632043,-0.5358082432037417
A-bloodmnist-28px-batchnorm-policy-none-s2,bloodmnist,none,H1|H2|H3,2,3421,True,0.3181818181818182,0.0,-0.5387313650979246,0.5610651974288338,-0.521484945922245,11005250169399190131,-0.5042385267465652
A-bloodmnist-28px-batchnorm-policy-none-s2,bloodmnist,none,H1|H2|H3,5,3421,True,0.36363636363636365,0.0,-0.5185618240280621,0.5414753596571779,-0.5007307804735457,11856681774752935466,-0.48260742472961127
A-bloodmnist-28px-batchnorm-policy-none-s2,bloodmnist,none,H1|H2|H3,10,3421,True,0.37662337662337664,0.0,-0.5074539608301667,0.5301499846954393,-0.4893306050862321,17953604639664439053,-0.47149956153171585
A-bloodmnist-28px-batchnorm-policy-none-s2,bloodmnist,none,H1|H2|H3,25,3421,True,0.38961038961038963,0.0,-0.509792458345513,0.5338230792776247,-0.4922537269804151,14522288901366525827,-0.47442268342589883
A-bloodmnist-28px-batchnorm-policy-none-s2,bloodmnist,none,H1|H2|H3,50,3421,True,0.38961038961038963,0.0,-0.5100847705349314,0.5338230792776247,-0.4922537269804151,14730468367125866382,-0.4738380590470623
A-bloodmnist-28px-batchnorm-policy-none-s2,bloodmnist,none,H1|H2|H3,100,3421,True,0.38961038961038963,0.0,-0.5138848289973692,0.5378022650749924,-0.49605378544285295,13347730608689152042,-0.478515054077755
A-bloodmnist-28px-groupnorm-policy-none-s0,bloodmnist,none,H1|H2,1,3421,True,0.26609442060085836,3.9604895727674476e-252,-0.38731365097924586,0.4162484316185696,-0.369774919614148,8408255321779035890,-0.3522361882490499
A-bloodmnist-28px-groupnorm-policy-none-s0,bloodmnist,none,H1|H2,2,3421,True,0.2918454935622318,1.4137770278765463e-209,-0.33206664717918744,0.35915934755332496,-0.31482022800350784,17045921559419741259,-0.2981584332066647
A-bloodmnist-28px-groupnorm-policy-none-s0,bloodmnist,none,H1|H2,5,3421,True,0.3133047210300429,3.110237326391648e-163,-0.2700964630225081,0.2951693851944793,-0.25372698041508335,6303971805822203809,-0.23764980999707686
A-bloodmnist-28px-groupnorm-policy-none-s0,bloodmnist,none,H1|H2,10,3421,True,0.33047210300429186,2.0527339472061102e-141,-0.24174218064893305,0.2659974905897114,-0.2253726980415084,6666035390292794035,-0.20988015200233856
A-bloodmnist-28px-groupnorm-policy-none-s0,bloodmnist,none,H1|H2,25,3421,True,0.351931330472103,1.1496203813045863e-130,-0.2280035077462731,0.25376411543287325,-0.21251096170710326,3431562269698509518,-0.19701841566793332
A-bloodmnist-28px-groupnorm-policy-none-s0,bloodmnist,none,H1|H2,50,3421,True,0.351931330472103,1.1183923920676958e-126,-0.2224495761473253,0.24780426599749059,-0.20695703010815558,5622309457870711705,-0.19146448406898575
A-bloodmnist-28px-groupnorm-policy-none-s0,bloodmnist,none,H1|H2,100,3421,True,0.3605150214592275,3.1775928156628563e-124,-0.22011107863197898,0.24560853199498117,-0.20432622040339088,15715608980345627902,-0.18883367436422105
A-bloodmnist-28px-groupnorm-policy-none-s1,bloodmnist,none,H1|H2,1,3421,True,0.29098360655737704,1.7350922619131143e-262,-0.40572931891259867,0.4403525338369531,-0.3881905875475007,6857890379033981395,-0.3706518561824028
A-bloodmnist-28px-groupnorm-policy-none-s1,bloodmnist,none,H1|H2,2,3421,True,0.32786885245901637,4.932718844613154e-213,-0.34229757380882786,0.37519672647151403,-0.32505115463314815,6989014694083844462,-0.30780473545746867
A-bloodmnist-28px-groupnorm-policy-none-s1,bloodmnist,none,H1|H2,5,3421,True,0.3319672131147541,5.629856934390329e-182,-0.2996199941537562,0.3301857097891092,-0.28295819935691313,4267334104780285236,-0.2665887167494885
A-bloodmnist-28px-groupnorm-policy-none-s1,bloodmnist,none,H1|H2,10,3421,True,0.3442622950819672,1.946757114411512e-167,-0.2806197018415668,0.31098520616934217,-0.26425021923414205,18166779241626692291,-0.24729611224788073
A-bloodmnist-28px-groupnorm-policy-none-s1,bloodmnist,none,H1|H2,25,3421,True,0.35655737704918034,3.804670468106574e-152,-0.26015784858228597,0.29052565313188544,-0.24437299035369775,10071644839409380578,-0.22829581993569126
A-bloodmnist-28px-groupnorm-policy-none-s1,bloodmnist,none,H1|H2,50,3421,True,0.3524590163934426,5.829439443351949e-147,-0.25255773165741013,0.2820270695624803,-0.23677287342882192,18247445144071899298,-0.22069570301081554
A-bloodmnist-28px-groupnorm-policy-none-s1,bloodmnist,none,H1|H2,100,3421,True,0.36885245901639346,7.556654893054508e-143,-0.24875767319497222,0.2788794460182562,-0.23268050277696573,7463873651960776840,-0.21688833674364227
A-bloodmnist-28px-groupnorm-policy-none-s2,bloodmnist,none,H1|H2,1,3421,True,0.26436781609195403,2.9325509451867143e-261,-0.4036831335866705,0.43924050632911393,-0.3855597778427361,11399705914874283144,-0.3683133586670564
A-bloodmnist-28px-groupnorm-policy-none-s2,bloodmnist,none,H1|H2,2,3421,True,0.2950191570881226,9.55799220487366e-216,-0.34492838351359245,0.3787974683544304,-0.3273896521484946,1631573953336167162,-0.310143232972815
A-bloodmnist-28px-groupnorm-policy-none-s2,bloodmnist,none,H1|H2,5,3421,True,0.32567049808429116,1.4627309682540906e-181,-0.3007892429114294,0.33449367088607596,-0.28412744811458646,3590995918340246702,-0.267173341128325
A-bloodmnist-28px-groupnorm-policy-none-s2,bloodmnist,none,H1|H2,10,3421,True,0.3218390804597701,1.4741755324033672e-169,-0.28383513592516807,0.3158227848101266,-0.26717334112832514,6142921722500918199,-0.25080385852090037
A-bloodmnist-28px-groupnorm-policy-none-s2,bloodmnist,none,H1|H2,25,3421,True,0.3371647509578544,1.468578166808578e-161,-0.27448114586378247,0.3069620253164557,-0.25781935106693954,13123811801145524040,-0.24174218064893305
A-bloodmnist-28px-groupnorm-policy-none-s2,bloodmnist,none,H1|H2,50,3421,True,0.3486590038314176,3.4932810836253016e-159,-0.27243496053785443,0.3056962025316456,-0.2557731657410114,9529376194455171165,-0.23940368313358662
A-bloodmnist-28px-groupnorm-policy-none-s2,bloodmnist,none,H1|H2,100,3421,True,0.3486590038314176,1.8942863295441626e-160,-0.2741888336743642,0.30759493670886073,-0.25752703887752126,17680330683125570793,-0.2408652440806781
A-bloodmnist-64px-batchnorm-policy-none-s0,bloodmnist,none,H1|H2,1,3421,True,0.17615176151761516,0.0,-0.5805320081847414,0.6526867627785059,-0.5632855890090617,2575002591690762006,-0.5454545454545454
A-bloodmnist-64px-batchnorm-policy-none-s0,bloodmnist,none,H1|H2,2,3421,True,0.15718157181571815,0.0,-0.5799473838059046,0.6494102228047182,-0.5624086524408067,2909183459502401104,-0.5445776088862906
A-bloodmnist-64px-batchnorm-policy-none-s0,bloodmnist,none,H1|H2,5,3421,True,0.16260162601626016,0.0,-0.5413621748026893,0.6068152031454783,-0.5238234434375914,3911929767172581852,-0.5059923998830751
A-bloodmnist-64px-batchnorm-policy-none-s0,bloodmnist,none,H1|H2,10,3421,True,0.16802168021680217,0.0,-0.5404852382344344,0.6064875491480997,-0.5229465068693364,10021547000377398824,-0.5051154633148203
A-bloodmnist-64px-batchnorm-policy-none-s0,bloodmnist,none,H1|H2,25,3421,True,0.16531165311653118,0.0,-0.5287927506577024,0.5927260812581914,-0.5109617071031862,14739443970554808044,-0.49342297573808824
A-bloodmnist-64px-batchnorm-policy-none-s0,bloodmnist,none,H1|H2,50,3421,True,0.15989159891598917,0.0,-0.5325928091201404,0.5966579292267365,-0.5150540777550423,14561674389087216639,-0.4969307220111079
A-bloodmnist-64px-batchnorm-policy-none-s0,bloodmnist,none,H1|H2,100,3421,True,0.14905149051490515,0.0,-0.5413621748026893,0.6051769331585846,-0.5238234434375914,15896627651313491588,-0.5059923998830751
A-bloodmnist-64px-batchnorm-policy-none-s1,bloodmnist,none,H1|H2,1,3421,True,0.1498371335504886,0.0,-0.6579947383805905,0.7190109184328838,-0.6410406313943291,17392878790982228471,-0.6240865244080678
A-bloodmnist-64px-batchnorm-policy-none-s1,bloodmnist,none,H1|H2,2,3421,True,0.13029315960912052,0.0,-0.6711487869044139,0.7315350032113038,-0.6541946799181526,17167302602496497555,-0.6375328851213096
A-bloodmnist-64px-batchnorm-policy-none-s1,bloodmnist,none,H1|H2,5,3421,True,0.12052117263843648,0.0,-0.6591639871382637,0.7177263969171483,-0.6425021923414207,5868892287326665689,-0.6258403975445777
A-bloodmnist-64px-batchnorm-policy-none-s1,bloodmnist,none,H1|H2,10,3421,True,0.13029315960912052,0.0,-0.6606255480853551,0.7202954399486191,-0.6439637532885121,13818435210580942918,-0.6270023384975154
A-bloodmnist-64px-batchnorm-policy-none-s1,bloodmnist,none,H1|H2,25,3421,True,0.08143322475570032,0.0,-0.6717334112832505,0.7283236994219653,-0.655656240865244,17206935334942539224,-0.6392867582578194
A-bloodmnist-64px-batchnorm-policy-none-s1,bloodmnist,none,H1|H2,50,3421,True,0.048859934853420196,0.0,-0.6769950306927799,0.730892742453436,-0.6609178602747734,18244141817143678065,-0.644840689856767
A-bloodmnist-64px-batchnorm-policy-none-s1,bloodmnist,none,H1|H2,100,3421,True,0.05863192182410423,0.0,-0.6843028354282374,0.73956326268465,-0.6679333528208127,8716783061569382754,-0.6515638702133879
A-bloodmnist-64px-batchnorm-policy-none-s2,bloodmnist,none,H1|H2,1,3421,True,0.1610738255033557,0.0,-0.5755627009646302,0.6263208453410183,-0.557731657410114,8062053461261281437,-0.540192926045016
A-bloodmnist-64px-batchnorm-policy-none-s2,bloodmnist,none,H1|H2,2,3421,True,0.12416107382550336,0.0,-0.5629932768196434,0.6096701889209094,-0.5457468576439637,1642327835178606880,-0.5287927506577024
A-bloodmnist-64px-batchnorm-policy-none-s2,bloodmnist,none,H1|H2,5,3421,True,0.15100671140939598,0.0,-0.5197310727857352,0.5648414985590778,-0.5024846536100556,9980875072610934026,-0.4849459222449576
A-bloodmnist-64px-batchnorm-policy-none-s2,bloodmnist,none,H1|H2,10,3421,True,0.13087248322147652,0.0,-0.5144694533762058,0.5568363752801793,-0.4969307220111079,16083165700156481028,-0.4790996784565916
A-bloodmnist-64px-batchnorm-policy-none-s2,bloodmnist,none,H1|H2,25,3421,True,0.12080536912751678,0.0,-0.5080385852090032,0.5488312520012808,-0.4904998538439053,2909134883686077378,-0.47325343466822567
A-bloodmnist-64px-batchnorm-policy-none-s2,bloodmnist,none,H1|H2,50,3421,True,0.12751677852348994,0.0,-0.5086232095878398,0.5501120717259046,-0.49108447822274187,17226882277162324619,-0.47413037123648055
A-bloodmnist-64px-batchnorm-policy-none-s2,bloodmnist,none,H1|H2,100,3421,True,0.1174496644295302,0.0,-0.5124232680502777,0.553314121037464,-0.4948845366851798,10049940047728703485,-0.4773458053200819
A-bloodmnist-64px-groupnorm-policy-none-s0,bloodmnist,none,H1|H2,1,3421,True,0.14583333333333334,0.0,-0.526454253142356,0.5386023802258163,-0.509792458345513,15909764296973238787,-0.4922537269804151
A-bloodmnist-64px-groupnorm-policy-none-s0,bloodmnist,none,H1|H2,2,3421,True,0.125,0.0,-0.5016077170418006,0.5111382361916387,-0.48436129786612103,16340934181581202339,-0.46711487869044144
A-bloodmnist-64px-groupnorm-policy-none-s0,bloodmnist,none,H1|H2,5,3421,True,0.1736111111111111,0.0,-0.48523823443437597,0.4961855355508087,-0.46799181525869626,4583203319281330805,-0.45074539608301667
A-bloodmnist-64px-groupnorm-policy-none-s0,bloodmnist,none,H1|H2,10,3421,True,0.1388888888888889,0.0,-0.4878690441391406,0.4980164784864205,-0.4712072493422976,10679501578159871908,-0.4542531423560362
A-bloodmnist-64px-groupnorm-policy-none-s0,bloodmnist,none,H1|H2,25,3421,True,0.1111111111111111,0.0,-0.4837766734872844,0.4922184925236497,-0.4668225665010231,7711930094671594566,-0.44986845951476173
A-bloodmnist-64px-groupnorm-policy-none-s0,bloodmnist,none,H1|H2,50,3421,True,0.13194444444444445,0.0,-0.48903829289681383,0.4983216356423558,-0.4717918737211342,396114627670290764,-0.45483776673487286
A-bloodmnist-64px-groupnorm-policy-none-s0,bloodmnist,none,H1|H2,100,3421,True,0.11805555555555555,0.0,-0.48494592224495764,0.4934391211473909,-0.467699503069278,16007499541801450111,-0.45074539608301667
A-bloodmnist-64px-groupnorm-policy-none-s1,bloodmnist,none,H1|H2,1,3421,True,0.25157232704402516,0.0,-0.47793042969891847,0.49540159411404044,-0.4606840105232388,15686573245140372645,-0.44343028354282377
A-bloodmnist-64px-groupnorm-policy-none-s1,bloodmnist,none,H1|H2,2,3421,True,0.24528301886792453,4.019258604415699e-300,-0.44022215726395786,0.4555487431023912,-0.42297573808827826,6274469979091844515,-0.4054370067231804
A-bloodmnist-64px-groupnorm-policy-none-s1,bloodmnist,none,H1|H2,5,3421,True,0.2830188679245283,5.980350000651814e-292,-0.43232972814966386,0.4491109748620478,-0.41508330897398427,13004774620934712007,-0.3975445776088863
A-bloodmnist-64px-groupnorm-policy-none-s1,bloodmnist,none,H1|H2,10,3421,True,0.3018867924528302,4.90380160372844e-278,-0.4156679333528208,0.4319435928877989,-0.39783688979830456,24636281611060291,-0.3802981584332067
A-bloodmnist-64px-groupnorm-policy-none-s1,bloodmnist,none,H1|H2,25,3421,True,0.2830188679245283,3.1469209820627743e-277,-0.41245249926921956,0.42826486817903126,-0.39520608009353986,15938266971174337375,-0.377667348728442
A-bloodmnist-64px-groupnorm-policy-none-s1,bloodmnist,none,H1|H2,50,3421,True,0.27672955974842767,3.797726853823021e-274,-0.4077755042385268,0.4230533415082771,-0.3905290850628471,12093351316444238009,-0.3735749780765858
A-bloodmnist-64px-groupnorm-policy-none-s1,bloodmnist,none,H1|H2,100,3421,True,0.2830188679245283,2.653536958621629e-270,-0.40309850920783397,0.4184549356223176,-0.38585209003215437,1357989504004124174,-0.3686056708564748
A-bloodmnist-64px-groupnorm-policy-none-s2,bloodmnist,none,H1|H2,1,3421,True,0.11290322580645161,0.0,-0.5515931014323296,0.5589930239611768,-0.5346389944460683,15181114854223114591,-0.517684887459807
A-bloodmnist-64px-groupnorm-policy-none-s2,bloodmnist,none,H1|H2,2,3421,True,0.12096774193548387,0.0,-0.5282081262788658,0.535335153169548,-0.5115463314820228,16880238716593011514,-0.49459222449576146
A-bloodmnist-64px-groupnorm-policy-none-s2,bloodmnist,none,H1|H2,5,3421,True,0.10483870967741936,0.0,-0.5483776673487284,0.5559599636032757,-0.5320081847413036,12372596761511580793,-0.5147617655656241
A-bloodmnist-64px-groupnorm-policy-none-s2,bloodmnist,none,H1|H2,10,3421,True,0.10483870967741936,0.0,-0.5679625840397544,0.5753715498938429,-0.5507161648640748,7231872223834493521,-0.5340543700672318
A-bloodmnist-64px-groupnorm-policy-none-s2,bloodmnist,none,H1|H2,25,3421,True,0.0967741935483871,0.0,-0.578193510669395,0.5859872611464968,-0.5612394036831336,3105710786354112285,-0.5445776088862906
A-bloodmnist-64px-groupnorm-policy-none-s2,bloodmnist,none,H1|H2,50,3421,True,0.0967741935483871,0.0,-0.5866705641625256,0.5950864422202001,-0.5700087693656826,7051423856940353328,-0.5536319789535225
A-bloodmnist-64px-groupnorm-policy-none-s2,bloodmnist,none,H1|H2,100,3421,True,0.0967741935483871,0.0,-0.5904706226249634,0.5987261146496815,-0.5735165156387021,6505846986405714886,-0.5568474130371237
A-pathmnist-28px-batchnorm-policy-none-s0,pathmnist,none,H1|H2|H3,1,7180,True,0.19137466307277629,0.0,-0.3947075208913649,0.5308988764044944,-0.3816155988857939,11262684519403737479,-0.3685236768802228
A-pathmnist-28px-batchnorm-policy-none-s0,pathmnist,none,H1|H2|H3,2,7180,True,0.19070080862533692,0.0,-0.32688022284122564,0.44610252808988765,-0.3144846796657382,3130930625887337076,-0.30208913649025076
A-pathmnist-28px-batchnorm-policy-none-s0,pathmnist,none,H1|H2|H3,5,7180,True,0.18194070080862534,0.0,-0.2958217270194986,0.40484550561797755,-0.2835654596100279,9460109780687958757,-0.2717270194986072
A-pathmnist-28px-batchnorm-policy-none-s0,pathmnist,none,H1|H2|H3,10,7180,True,0.19339622641509435,1.5447665337983631e-294,-0.26002785515320337,0.363061797752809,-0.24805013927576602,11975372103319550023,-0.23607242339832868
A-pathmnist-28px-batchnorm-policy-none-s0,pathmnist,none,H1|H2|H3,25,7180,True,0.1967654986522911,7.151851228506358e-232,-0.21727019498607236,0.3105688202247191,-0.2057103064066852,3159914625989984949,-0.19442896935933152
A-pathmnist-28px-batchnorm-policy-none-s0,pathmnist,none,H1|H2|H3,50,7180,True,0.20215633423180593,2.2802375756429515e-204,-0.19874651810584965,0.2891502808988764,-0.18760445682451254,16535949194858500694,-0.17646239554317544
A-pathmnist-28px-batchnorm-policy-none-s0,pathmnist,none,H1|H2|H3,100,7180,True,0.21091644204851753,3.0678244085299e-196,-0.1947075208913649,0.28651685393258425,-0.1837047353760446,1013222735995319577,-0.1725626740947075
A-pathmnist-28px-batchnorm-policy-none-s1,pathmnist,none,H1|H2|H3,1,7180,True,0.1769809138230191,0.0,-0.4520926183844011,0.6341955604476243,-0.4388579387186629,15272355516284737493,-0.425766016713092
A-pathmnist-28px-batchnorm-policy-none-s1,pathmnist,none,H1|H2|H3,2,7180,True,0.1792943898207056,0.0,-0.4174094707520891,0.5892496789579894,-0.40417827298050135,496314617755340597,-0.3910863509749304
A-pathmnist-28px-batchnorm-policy-none-s1,pathmnist,none,H1|H2|H3,5,7180,True,0.1550028918449971,0.0,-0.4355153203342618,0.6057604109337736,-0.4225626740947075,6503731226917302207,-0.4093314763231197
A-pathmnist-28px-batchnorm-policy-none-s1,pathmnist,none,H1|H2|H3,10,7180,True,0.14806246385193753,0.0,-0.4332869080779944,0.6008071913410383,-0.42047353760445677,17646413966258332869,-0.4075208913649025
A-pathmnist-28px-batchnorm-policy-none-s1,pathmnist,none,H1|H2|H3,25,7180,True,0.15731636784268363,0.0,-0.42632311977715875,0.5942028985507246,-0.4132311977715877,16516791371882438895,-0.39972144846796653
A-pathmnist-28px-batchnorm-policy-none-s1,pathmnist,none,H1|H2|H3,50,7180,True,0.16714864083285136,0.0,-0.41532033426183845,0.5828288387451843,-0.4022284122562674,4309294766187680505,-0.38927576601671304
A-pathmnist-28px-batchnorm-policy-none-s1,pathmnist,none,H1|H2|H3,100,7180,True,0.17061885482938113,0.0,-0.4073816155988858,0.5738396624472574,-0.39456824512534816,13350009456883833484,-0.3816155988857938
A-pathmnist-28px-batchnorm-policy-none-s2,pathmnist,none,H1|H2|H3,1,7180,True,0.11196911196911197,0.0,-0.5009784122562674,0.6207306711979609,-0.48857938718662947,13318001049068639898,-0.4761838440111421
A-pathmnist-28px-batchnorm-policy-none-s2,pathmnist,none,H1|H2|H3,2,7180,True,0.08571428571428572,0.0,-0.47381615598885796,0.5819881053525914,-0.4615598885793871,7715384585081310536,-0.4493036211699164
A-pathmnist-28px-batchnorm-policy-none-s2,pathmnist,none,H1|H2|H3,5,7180,True,0.07027027027027027,0.0,-0.4513927576601671,0.551231945624469,-0.43913649025069634,14051915661499289051,-0.4270194986072423
A-pathmnist-28px-batchnorm-policy-none-s2,pathmnist,none,H1|H2|H3,10,7180,True,0.07104247104247104,0.0,-0.43537604456824514,0.5318606627017842,-0.4231197771587743,3870027450360407661,-0.4110027855153203
A-pathmnist-28px-batchnorm-policy-none-s2,pathmnist,none,H1|H2|H3,25,7180,True,0.054826254826254826,0.0,-0.43328690807799447,0.5264231096006797,-0.4215877437325905,1380635363058534713,-0.4097458217270195
A-pathmnist-28px-batchnorm-policy-none-s2,pathmnist,none,H1|H2|H3,50,7180,True,0.04555984555984556,0.0,-0.43454038997214484,0.5257434154630416,-0.4227019498607242,15850340469211884889,-0.411142061281337
A-pathmnist-28px-batchnorm-policy-none-s2,pathmnist,none,H1|H2|H3,100,7180,True,0.0416988416988417,0.0,-0.4352367688022284,0.5257434154630416,-0.42339832869080773,9025287194678262852,-0.4115598885793872
A-pathmnist-28px-groupnorm-policy-none-s0,pathmnist,none,H1|H2,1,7180,True,0.13247863247863248,0.0,-0.5628133704735376,0.6529468289557976,-0.5505571030640668,5944965479970486841,-0.5384401114206128
A-pathmnist-28px-groupnorm-policy-none-s0,pathmnist,none,H1|H2,2,7180,True,0.13675213675213677,0.0,-0.5150452646239554,0.5984945547725817,-0.5026462395543175,6561007142051290183,-0.4899721448467967
A-pathmnist-28px-groupnorm-policy-none-s0,pathmnist,none,H1|H2,5,7180,True,0.10042735042735043,0.0,-0.5115598885793872,0.5892056374119155,-0.49930362116991645,8033260236205561417,-0.4871866295264624
A-pathmnist-28px-groupnorm-policy-none-s0,pathmnist,none,H1|H2,10,7180,True,0.10897435897435898,0.0,-0.48328690807799446,0.5581358103779629,-0.47116991643454037,5513385032366988170,-0.45877437325905296
A-pathmnist-28px-groupnorm-policy-none-s0,pathmnist,none,H1|H2,25,7180,True,0.12072649572649573,0.0,-0.46685236768802224,0.5411595131326074,-0.45487465181058495,3305177216224425101,-0.4424791086350975
A-pathmnist-28px-groupnorm-policy-none-s0,pathmnist,none,H1|H2,50,7180,True,0.11858974358974358,0.0,-0.4545961002785515,0.5264253683536195,-0.4423398328690808,14650827075646437386,-0.4300800835654596
A-pathmnist-28px-groupnorm-policy-none-s0,pathmnist,none,H1|H2,100,7180,True,0.11965811965811966,0.0,-0.44902506963788297,0.5203395259449071,-0.43690807799442893,12155690499226630174,-0.42479108635097496
A-pathmnist-28px-groupnorm-policy-none-s1,pathmnist,none,H1|H2,1,7180,True,0.11822222222222223,0.0,-0.5693593314763231,0.682411230388109,-0.5569637883008357,16789262884220227691,-0.5442896935933148
A-pathmnist-28px-groupnorm-policy-none-s1,pathmnist,none,H1|H2,2,7180,True,0.12177777777777778,0.0,-0.522841225626741,0.6275805119735756,-0.5101671309192202,2790653458159232822,-0.4972144846796657
A-pathmnist-28px-groupnorm-policy-none-s1,pathmnist,none,H1|H2,5,7180,True,0.10577777777777778,0.0,-0.5169916434540389,0.618166804293972,-0.5047353760445683,14920098157305354165,-0.49220055710306404
A-pathmnist-28px-groupnorm-policy-none-s1,pathmnist,none,H1|H2,10,7180,True,0.09866666666666667,0.0,-0.4979108635097492,0.5940545004128819,-0.48551532033426187,4505678085202116130,-0.4731197771587744
A-pathmnist-28px-groupnorm-policy-none-s1,pathmnist,none,H1|H2,25,7180,True,0.104,0.0,-0.4874651810584958,0.5826589595375723,-0.4750696378830084,3739311885437117582,-0.46281337047353766
A-pathmnist-28px-groupnorm-policy-none-s1,pathmnist,none,H1|H2,50,7180,True,0.10933333333333334,0.0,-0.483983286908078,0.5796862097440132,-0.4717270194986073,897460531839256821,-0.45947075208913646
A-pathmnist-28px-groupnorm-policy-none-s1,pathmnist,none,H1|H2,100,7180,True,0.11288888888888889,0.0,-0.48161559888579386,0.5775392237819984,-0.46935933147632314,8020178098081861368,-0.4571030640668524
A-pathmnist-28px-groupnorm-policy-none-s2,pathmnist,none,H1|H2,1,7180,True,0.11635220125786164,0.0,-0.5626740947075209,0.6529071635078703,-0.5506963788300836,10983892824324171159,-0.5384401114206128
A-pathmnist-28px-groupnorm-policy-none-s2,pathmnist,none,H1|H2,2,7180,True,0.11425576519916142,0.0,-0.5235376044568245,0.606970767748153,-0.5111420612813371,9284180815878332408,-0.4986072423398329
A-pathmnist-28px-groupnorm-policy-none-s2,pathmnist,none,H1|H2,5,7180,True,0.09538784067085954,0.0,-0.5199164345403899,0.6000642467073563,-0.5076601671309192,13070914177956195698,-0.4954038997214485
A-pathmnist-28px-groupnorm-policy-none-s2,pathmnist,none,H1|H2,10,7180,True,0.08490566037735849,0.0,-0.5022284122562675,0.5780597494378413,-0.48997214484679663,10915705635858449721,-0.47757660167130916
A-pathmnist-28px-groupnorm-policy-none-s2,pathmnist,none,H1|H2,25,7180,True,0.09329140461215933,0.0,-0.49582172701949856,0.5722775457757789,-0.48384401114206127,264735796660847780,-0.4715877437325906
A-pathmnist-28px-groupnorm-policy-none-s2,pathmnist,none,H1|H2,50,7180,True,0.08071278825995808,0.0,-0.49916434540389976,0.5742049469964664,-0.48718662952646236,9591007893166368386,-0.4750696378830084
A-pathmnist-28px-groupnorm-policy-none-s2,pathmnist,none,H1|H2,100,7180,True,0.08176100628930817,0.0,-0.49805013927576597,0.5727593960809508,-0.48579387186629525,4083133602889593978,-0.47367688022284127
A-pathmnist-64px-batchnorm-policy-none-s0,pathmnist,none,H1|H2,1,7180,True,0.15426170468187275,0.0,-0.40793871866295267,0.5607544432354008,-0.3948467966573816,7659833299750705076,-0.382033426183844
A-pathmnist-64px-batchnorm-policy-none-s0,pathmnist,none,H1|H2,2,7180,True,0.12424969987995198,0.0,-0.3935933147632312,0.5339136742836417,-0.3811977715877437,14737846906637412724,-0.368941504178273
A-pathmnist-64px-batchnorm-policy-none-s0,pathmnist,none,H1|H2,5,7180,True,0.09423769507803122,0.0,-0.38119777158774376,0.5092491838955386,-0.36922005571030636,10027969630018941888,-0.35724233983286907
A-pathmnist-64px-batchnorm-policy-none-s0,pathmnist,none,H1|H2,10,7180,True,0.07983193277310924,0.0,-0.3767409470752089,0.49891186071817195,-0.36462395543175485,10986299790760071204,-0.35278203342618386
A-pathmnist-64px-batchnorm-policy-none-s0,pathmnist,none,H1|H2,25,7180,True,0.05222088835534214,0.0,-0.38495821727019497,0.5016322089227421,-0.37311977715877437,9201338376498813383,-0.3614206128133705
A-pathmnist-64px-batchnorm-policy-none-s0,pathmnist,none,H1|H2,50,7180,True,0.040216086434573826,0.0,-0.3850974930362117,0.49854914762422925,-0.3735376044568245,5491160669145076305,-0.362116991643454
A-pathmnist-64px-batchnorm-policy-none-s0,pathmnist,none,H1|H2,100,7180,True,0.03961584633853541,0.0,-0.3857938718662952,0.4990932172651433,-0.37409470752089136,12229498766131888682,-0.3626740947075209
A-pathmnist-64px-batchnorm-policy-none-s1,pathmnist,none,H1|H2,1,7180,True,0.17780748663101603,0.0,-0.4618384401114206,0.613652357494722,-0.44874651810584953,10050783874446574609,-0.4357938718662952
A-pathmnist-64px-batchnorm-policy-none-s1,pathmnist,none,H1|H2,2,7180,True,0.16510695187165775,0.0,-0.4424791086350975,0.5862068965517241,-0.42966573816155984,17507316539613465534,-0.4168523676880223
A-pathmnist-64px-batchnorm-policy-none-s1,pathmnist,none,H1|H2,5,7180,True,0.1537433155080214,0.0,-0.4342618384401114,0.5728360309641097,-0.42144846796657376,7141696767814460533,-0.40863509749303617
A-pathmnist-64px-batchnorm-policy-none-s1,pathmnist,none,H1|H2,10,7180,True,0.13636363636363635,0.0,-0.4194986072423398,0.5499648135116115,-0.4069637883008356,1227529228316414025,-0.3942896935933148
A-pathmnist-64px-batchnorm-policy-none-s1,pathmnist,none,H1|H2,25,7180,True,0.14505347593582887,0.0,-0.406824512534819,0.5364180154820549,-0.3944289693593314,14361101942063105753,-0.38203342618384406
A-pathmnist-64px-batchnorm-policy-none-s1,pathmnist,none,H1|H2,50,7180,True,0.14171122994652408,0.0,-0.4022284122562674,0.5293807178043631,-0.3895543175487465,5171151487338706390,-0.37729805013927575
A-pathmnist-64px-batchnorm-policy-none-s1,pathmnist,none,H1|H2,100,7180,True,0.15775401069518716,0.0,-0.39944637883008355,0.52990851513019,-0.3866295264623955,16185319363019908437,-0.37409122562674096
A-pathmnist-64px-batchnorm-policy-none-s2,pathmnist,none,H1|H2,1,7180,True,0.13903743315508021,0.0,-0.5259052924791087,0.611048839071257,-0.5133704735376043,2830227476639859245,-0.5011142061281337
A-pathmnist-64px-batchnorm-policy-none-s2,pathmnist,none,H1|H2,2,7180,True,0.11978609625668449,0.0,-0.47576601671309193,0.5506805444355485,-0.4633704735376044,5431511349174782671,-0.4513927576601672
A-pathmnist-64px-batchnorm-policy-none-s2,pathmnist,none,H1|H2,5,7180,True,0.10695187165775401,0.0,-0.4427576601671309,0.511128903122498,-0.43064066852367683,1431012413388145063,-0.41852367688022285
A-pathmnist-64px-batchnorm-policy-none-s2,pathmnist,none,H1|H2,10,7180,True,0.09090909090909091,0.0,-0.41699164345403894,0.47910328262610086,-0.4048746518105849,16524039412270773731,-0.3930362116991643
A-pathmnist-64px-batchnorm-policy-none-s2,pathmnist,none,H1|H2,25,7180,True,0.07700534759358289,0.0,-0.4055710306406685,0.4640512409927942,-0.3935933147632312,12832081745537801136,-0.38203342618384395
A-pathmnist-64px-batchnorm-policy-none-s2,pathmnist,none,H1|H2,50,7180,True,0.06631016042780749,0.0,-0.404874651810585,0.4622898318654924,-0.39345403899721443,4287475313213772894,-0.3818941504178273
A-pathmnist-64px-batchnorm-policy-none-s2,pathmnist,none,H1|H2,100,7180,True,0.058823529411764705,0.0,-0.399025069637883,0.45396317053642915,-0.3871866295264624,1565969100301484405,-0.3756267409470752
A-pathmnist-64px-groupnorm-policy-none-s0,pathmnist,none,H1|H2,1,7180,True,0.19400352733686066,0.0,-0.5511142061281338,0.6016936337517012,-0.5388579387186629,6628988446667953428,-0.5267409470752089
A-pathmnist-64px-groupnorm-policy-none-s0,pathmnist,none,H1|H2,2,7180,True,0.20634920634920634,0.0,-0.5169916434540389,0.5655526992287918,-0.5045961002785515,1717487211369909549,-0.4922005571030641
A-pathmnist-64px-groupnorm-policy-none-s0,pathmnist,none,H1|H2,5,7180,True,0.19047619047619047,0.0,-0.504874651810585,0.5516407076969605,-0.49303621169916434,5783570538492928231,-0.48119777158774374
A-pathmnist-64px-groupnorm-policy-none-s0,pathmnist,none,H1|H2,10,7180,True,0.19929453262786595,0.0,-0.48272980501392754,0.527899591713292,-0.4704735376044568,13007495592015755091,-0.4582172701949861
A-pathmnist-64px-groupnorm-policy-none-s0,pathmnist,none,H1|H2,25,7180,True,0.18871252204585537,0.0,-0.46810584958217266,0.5115681233933161,-0.4562674094707521,10448761703718661346,-0.44359331476323116
A-pathmnist-64px-groupnorm-policy-none-s0,pathmnist,none,H1|H2,50,7180,True,0.17989417989417988,0.0,-0.4558530640668524,0.49720247996370787,-0.4437325905292479,1844249614330767128,-0.4316155988857939
A-pathmnist-64px-groupnorm-policy-none-s0,pathmnist,none,H1|H2,100,7180,True,0.15520282186948853,0.0,-0.44958217270194983,0.4881294420081657,-0.4373259052924791,7209020932137794714,-0.4252089136490251
A-pathmnist-64px-groupnorm-policy-none-s1,pathmnist,none,H1|H2,1,7180,True,0.15746753246753248,0.0,-0.579108635097493,0.6349786715417428,-0.566991643454039,15035719533601357810,-0.5548746518105849
A-pathmnist-64px-groupnorm-policy-none-s1,pathmnist,none,H1|H2,2,7180,True,0.14935064935064934,0.0,-0.55891713091922,0.6124314442413162,-0.547075208913649,5544282689629343093,-0.5346796657381616
A-pathmnist-64px-groupnorm-policy-none-s1,pathmnist,none,H1|H2,5,7180,True,0.14123376623376624,0.0,-0.5511142061281338,0.6028336380255942,-0.5389972144846796,16626025184546058806,-0.5268802228412256
A-pathmnist-64px-groupnorm-policy-none-s1,pathmnist,none,H1|H2,10,7180,True,0.1461038961038961,0.0,-0.5452681058495821,0.596892138939671,-0.5331476323119777,13359421315082981245,-0.5211699164345404
A-pathmnist-64px-groupnorm-policy-none-s1,pathmnist,none,H1|H2,25,7180,True,0.14285714285714285,0.0,-0.5352402506963788,0.5856185252894577,-0.5231197771587743,13198997789107981770,-0.5111420612813371
A-pathmnist-64px-groupnorm-policy-none-s1,pathmnist,none,H1|H2,50,7180,True,0.1331168831168831,0.0,-0.5313370473537604,0.5804387568555759,-0.5192200557103064,16149693532512392487,-0.5069637883008358
A-pathmnist-64px-groupnorm-policy-none-s1,pathmnist,none,H1|H2,100,7180,True,0.11688311688311688,0.0,-0.5293906685236769,0.5770871419865935,-0.5175487465181059,17165646951573099980,-0.5055710306406686
A-pathmnist-64px-groupnorm-policy-none-s2,pathmnist,none,H1|H2,1,7180,True,0.16101694915254236,0.0,-0.5729805013927576,0.6253414264036419,-0.560724233983287,16359506301181548399,-0.5486072423398329
A-pathmnist-64px-groupnorm-policy-none-s2,pathmnist,none,H1|H2,2,7180,True,0.17966101694915254,0.0,-0.5374651810584958,0.5890743550834597,-0.5259052924791087,8225094561822795999,-0.5137883008356545
A-pathmnist-64px-groupnorm-policy-none-s2,pathmnist,none,H1|H2,5,7180,True,0.1694915254237288,0.0,-0.5263231197771587,0.5754172989377845,-0.5142061281337047,4788090742869340781,-0.5022284122562675
A-pathmnist-64px-groupnorm-policy-none-s2,pathmnist,none,H1|H2,10,7180,True,0.2033898305084746,0.0,-0.5132311977715878,0.5641881638846737,-0.5011142061281337,4557999202984587182,-0.4887186629526462
A-pathmnist-64px-groupnorm-policy-none-s2,pathmnist,none,H1|H2,25,7180,True,0.19322033898305085,0.0,-0.5055710306406684,0.5547799696509863,-0.4933147632311978,10622331133865491566,-0.481058495821727
A-pathmnist-64px-groupnorm-policy-none-s2,pathmnist,none,H1|H2,50,7180,True,0.21016949152542372,0.0,-0.5005571030640668,0.5508345978755691,-0.48830083565459614,1194496907955466494,-0.4760445682451253
A-pathmnist-64px-groupnorm-policy-none-s2,pathmnist,none,H1|H2,100,7180,True,0.19661016949152543,0.0,-0.4976323119777159,0.5464339908952959,-0.4853760445682451,2775895803463964587,-0.47284122562674097
B-bloodmnist-28px-batchnorm-policy-matched_mixed-s0,bloodmnist,matched_mixed,H3,1,3421,True,0.3756906077348066,0.04311957736450398,-0.024554223911137152,0.08617095205003475,-0.012861736334405127,17026643890910548418,-0.0005846243788366595
B-bloodmnist-28px-batchnorm-policy-matched_mixed-s0,bloodmnist,matched_mixed,H3,2,3421,False,0.3830570902394107,1.0,-0.01198479976615019,0.07261987491313412,-0.00029231218941827564,10435598708587830737,0.011692487576731914
B-bloodmnist-28px-batchnorm-policy-matched_mixed-s0,bloodmnist,matched_mixed,H3,5,3421,False,0.3848987108655617,0.20670036450499124,-0.0038000584624379163,0.0635858234885337,0.007600116924875722,7555641689635293911,0.019000292312189363
B-bloodmnist-28px-batchnorm-policy-matched_mixed-s0,bloodmnist,matched_mixed,H3,10,3421,False,0.3830570902394107,0.15464341472861237,-0.0026308097047647028,0.06219596942321056,0.00847705349313066,16309933210028198278,0.019877228880444298
B-bloodmnist-28px-batchnorm-policy-matched_mixed-s0,bloodmnist,matched_mixed,H3,25,3421,True,0.39594843462246776,0.03739185475930341,0.0008769365682549379,0.06011118832522585,0.012277111955568576,9507762366431722405,0.023677287342882106
B-bloodmnist-28px-batchnorm-policy-matched_mixed-s0,bloodmnist,matched_mixed,H3,50,3421,False,0.39226519337016574,0.06032777708772862,0.0,0.06080611535788742,0.011107863197895362,14771332241166336258,0.022223034200526074
B-bloodmnist-28px-batchnorm-policy-matched_mixed-s0,bloodmnist,matched_mixed,H3,100,3421,True,0.39410681399631675,0.028211366559742008,0.0014615609470914892,0.05906879777623349,0.012861736334405127,17114248500795665540,0.02397690733703595
B-bloodmnist-28px-batchnorm-policy-matched_mixed-s1,bloodmnist,matched_mixed,H3,1,3421,False,0.4562841530054645,0.8688301969253137,-0.009353990061385486,0.05335515548281506,0.0011692487576732136,17294328990216415388,0.011400175387313638
B-bloodmnist-28px-batchnorm-policy-matched_mixed-s1,bloodmnist,matched_mixed,H3,2,3421,True,0.5,0.0021982006390095445,0.0061385559777843435,0.04189852700490999,0.01607717041800638,4313940973410617895,0.02601578485822864
B-bloodmnist-28px-batchnorm-policy-matched_mixed-s1,bloodmnist,matched_mixed,H3,5,3421,True,0.505464480874317,1.2194072325759924e-05,0.012562116340251459,0.03567921440261866,0.022215726395790725,6668125419299961236,0.0318620286465946
B-bloodmnist-28px-batchnorm-policy-matched_mixed-s1,bloodmnist,matched_mixed,H3,10,3421,True,0.5273224043715847,1.6321599701875568e-08,0.01841566793335292,0.031423895253682485,0.028354282373574957,1051906533529713107,0.03800058462437883
B-bloodmnist-28px-batchnorm-policy-matched_mixed-s1,bloodmnist,matched_mixed,H3,25,3421,True,0.5191256830601093,1.7282442160917054e-08,0.01841566793335281,0.03076923076923077,0.02806197018415668,10081327977435844330,0.037708272434960555
B-bloodmnist-28px-batchnorm-policy-matched_mixed-s1,bloodmnist,matched_mixed,H3,50,3421,True,0.5245901639344263,2.775001186485814e-09,0.020169541069862573,0.029787234042553193,0.02952353113124817,16337179543345406556,0.039169833382052044
B-bloodmnist-28px-batchnorm-policy-matched_mixed-s1,bloodmnist,matched_mixed,H3,100,3421,True,0.5273224043715847,3.151822480844619e-09,0.01987722888044441,0.03011456628477905,0.02952353113124817,650984135390906468,0.039169833382052044
B-bloodmnist-28px-batchnorm-policy-matched_mixed-s2,bloodmnist,matched_mixed,H3,1,3421,True,0.34310850439882695,0.021455890831580633,-0.020754165448699236,0.05064935064935065,-0.011400175387313638,1771181473164514078,-0.0020461853259280405
B-bloodmnist-28px-batchnorm-policy-matched_mixed-s2,bloodmnist,matched_mixed,H3,2,3421,False,0.35777126099706746,0.6592430036926307,-0.011400175387313638,0.04220779220779221,-0.002338497515346427,1536897346617009749,0.006723180356620895
B-bloodmnist-28px-batchnorm-policy-matched_mixed-s2,bloodmnist,matched_mixed,H3,5,3421,False,0.3519061583577713,0.6942655141359231,-0.006723180356620895,0.03668831168831169,0.0020461853259280405,17042798958565652751,0.011107863197895362
B-bloodmnist-28px-batchnorm-policy-matched_mixed-s2,bloodmnist,matched_mixed,H3,10,3421,False,0.35777126099706746,0.512389348919496,-0.005553931598947681,0.03603896103896104,0.003215434083601254,9827011458735563286,0.01198479976615019
B-bloodmnist-28px-batchnorm-policy-matched_mixed-s2,bloodmnist,matched_mixed,H3,25,3421,False,0.3519061583577713,0.5986371602373034,-0.006430868167202508,0.03603896103896104,0.0026308097047647028,5118568443252377263,0.011400175387313638
B-bloodmnist-28px-batchnorm-policy-matched_mixed-s2,bloodmnist,matched_mixed,H3,50,3421,False,0.3548387096774194,0.46825664615340623,-0.0052616194095292945,0.03538961038961039,0.0035077462730196407,11018720543910168278,0.012277111955568576
B-bloodmnist-28px-batchnorm-policy-matched_mixed-s2,bloodmnist,matched_mixed,H3,100,3421,False,0.36070381231671556,0.431781876633585,-0.004969307220111019,0.03571428571428571,0.0038000584624379163,9035597600425168667,0.012569424144986852
B-pathmnist-28px-batchnorm-policy-matched_mixed-s0,pathmnist,matched_mixed,H3,1,7180,True,0.3910386965376782,9.505213634045367e-23,-0.06448467966573812,0.16856492027334852,-0.0537604456824512,14266660624668562480,-0.043036211699164384
B-pathmnist-28px-batchnorm-policy-matched_mixed-s0,pathmnist,matched_mixed,H3,2,7180,True,0.3971486761710794,4.9946424192878275e-08,-0.038579387186629455,0.13807604695987383,-0.028272980501392708,11784168076679026381,-0.01810584958217276
B-pathmnist-28px-batchnorm-policy-matched_mixed-s0,pathmnist,matched_mixed,H3,5,7180,True,0.3896809232858113,1.2402996944301871e-05,-0.03203342618384397,0.12843875941825827,-0.02214484679665729,8557251862314185682,-0.012395543175487411
B-pathmnist-28px-batchnorm-policy-matched_mixed-s0,pathmnist,matched_mixed,H3,10,7180,True,0.39035980991174474,0.0016243805392301635,-0.0253481894150418,0.12055370597511827,-0.015738161559888497,11536787719622817973,-0.006128133704735417
B-pathmnist-28px-batchnorm-policy-matched_mixed-s0,pathmnist,matched_mixed,H3,25,7180,True,0.3971486761710794,0.017733253325605443,-0.021587743732590536,0.11739968459786228,-0.011838440111420545,1094558243364821994,-0.0022284122562674646
B-pathmnist-28px-batchnorm-policy-matched_mixed-s0,pathmnist,matched_mixed,H3,50,7180,True,0.39918533604887985,0.015524928858218628,-0.021866295264624025,0.11827580164710005,-0.012116991643454034,16819802264295867904,-0.0023676880222841534
B-pathmnist-28px-batchnorm-policy-matched_mixed-s0,pathmnist,matched_mixed,H3,100,7180,True,0.4019008825526137,0.048160323838376484,-0.01935933147632307,0.11617312072892938,-0.009888579387186569,13607437917811386049,-0.00041782729805006635
B-pathmnist-28px-batchnorm-policy-matched_mixed-s1,pathmnist,matched_mixed,H3,1,7180,False,0.45251396648044695,0.0879341182899423,-0.0009749303621170435,0.08604690399865024,0.007938718662952593,18290414364624426231,0.01699164345403903
B-pathmnist-28px-batchnorm-policy-matched_mixed-s1,pathmnist,matched_mixed,H3,2,7180,True,0.4668794892258579,1.6642367727762443e-10,0.019220055710306383,0.06495697654800067,0.02785515320334253,16805808774251542060,0.0362116991643453
B-pathmnist-28px-batchnorm-policy-matched_mixed-s1,pathmnist,matched_mixed,H3,5,7180,True,0.46288906624102155,1.8086990532825674e-13,0.023259052924791024,0.05972667454023958,0.031476323119777105,3379446906904694687,0.0395543175487465
B-pathmnist-28px-batchnorm-policy-matched_mixed-s1,pathmnist,matched_mixed,H3,10,7180,True,0.46288906624102155,2.8623926052466e-16,0.026323119777158732,0.05601484730892526,0.034540389972144814,12527703606179927232,0.04247910863509752
B-pathmnist-28px-batchnorm-policy-matched_mixed-s1,pathmnist,matched_mixed,H3,25,7180,True,0.4652833200319234,3.026340598479026e-20,0.030362116991643484,0.051796861818795344,0.038440111420612766,2955980516361181398,0.04665738161559885
B-pathmnist-28px-batchnorm-policy-matched_mixed-s1,pathmnist,matched_mixed,H3,50,7180,True,0.47406225059856344,1.1327217503839597e-22,0.032869080779944326,0.05061582588155897,0.04094707520891361,6996555831503959799,0.04916434540389969
B-pathmnist-28px-batchnorm-policy-matched_mixed-s1,pathmnist,matched_mixed,H3,100,7180,True,0.46608140462889064,1.7600118682474557e-21,0.031615598885793794,0.05061582588155897,0.0395543175487465,2878451627097781570,0.047635793871866255
B-pathmnist-28px-batchnorm-policy-matched_mixed-s2,pathmnist,matched_mixed,H3,1,7180,True,0.35699517574086836,5.994194475452407e-09,-0.038440111420612766,0.1263745854424856,-0.028690807799442886,7045786616140822042,-0.019220055710306383
B-pathmnist-28px-batchnorm-policy-matched_mixed-s2,pathmnist,matched_mixed,H3,2,7180,False,0.36526533425223984,0.07312606656772253,-0.017688022284122584,0.10315936463606214,-0.00849582172701946,2903200555439211081,0.0008356545961002437
B-pathmnist-28px-batchnorm-policy-matched_mixed-s2,pathmnist,matched_mixed,H3,5,7180,False,0.383184011026878,0.09054915588749131,-0.0008356545961002437,0.08727526618956188,0.007799442896936015,2602381243281436687,0.016573816155988852
B-pathmnist-28px-batchnorm-policy-matched_mixed-s2,pathmnist,matched_mixed,H3,10,7180,True,0.3907649896623019,0.0013303020906468193,0.005988857938718617,0.0808168964915343,0.014484679665738187,2532225301424015511,0.023119777158774335
B-pathmnist-28px-batchnorm-policy-matched_mixed-s2,pathmnist,matched_mixed,H3,25,7180,True,0.39007580978635426,0.000450511917001378,0.007103064066852349,0.07907139116774306,0.015738161559888608,1573053412316863701,0.024373259052924867
B-pathmnist-28px-batchnorm-policy-matched_mixed-s2,pathmnist,matched_mixed,H3,50,7180,True,0.38800827015851136,5.039215827795089e-05,0.009192200557103125,0.0757549310525397,0.017966573816156073,11103487323503120529,0.02674094707520891
B-pathmnist-28px-batchnorm-policy-matched_mixed-s2,pathmnist,matched_mixed,H3,100,7180,True,0.39421088904204,0.00010254270333866069,0.008774373259052948,0.07802408797346833,0.017409470752089207,3492633748342350812,0.025905292479108666
C-dermamnist-28px-resnet18-batchnorm-policy-none-s0,dermamnist,none,BLOCK_C,1,2005,True,0.19237749546279492,3.294093976512157e-16,-0.09775561097256857,0.1815680880330124,-0.07880299251870326,6592393487569908355,-0.06034912718204488
C-dermamnist-28px-resnet18-batchnorm-policy-none-s0,dermamnist,none,BLOCK_C,2,2005,True,0.17422867513611615,4.619747120236648e-06,-0.053865336658354135,0.11829436038514443,-0.03790523690773073,5936227998921855283,-0.02194513715710722
C-dermamnist-28px-resnet18-batchnorm-policy-none-s0,dermamnist,none,BLOCK_C,5,2005,True,0.1705989110707804,0.008210846221632309,-0.03541147132169575,0.09284731774415406,-0.02044887780548632,3687168256331896650,-0.0059850374064838174
C-dermamnist-28px-resnet18-batchnorm-policy-none-s0,dermamnist,none,BLOCK_C,10,2005,False,0.17785843920145192,0.9430566709670429,-0.013965087281795463,0.06740027510316368,0.0,6886261275600381522,0.013965087281795463
C-dermamnist-28px-resnet18-batchnorm-policy-none-s0,dermamnist,none,BLOCK_C,25,2005,False,0.15970961887477314,1.0,-0.013466334164588534,0.061210453920220086,-0.0004987531172070403,7174853110369030995,0.012468827930174564
C-dermamnist-28px-resnet18-batchnorm-policy-none-s0,dermamnist,none,BLOCK_C,50,2005,False,0.14882032667876588,0.7510761939618538,-0.009975062344139696,0.05295735900962861,0.0024937655860348684,6934355570636839849,0.014962593516209433
C-dermamnist-28px-resnet18-batchnorm-policy-none-s0,dermamnist,none,BLOCK_C,100,2005,False,0.14882032667876588,0.9373767023732311,-0.011471321695760595,0.055020632737276476,0.0009975062344139696,9433681354450277610,0.012967581047381604
C-dermamnist-28px-resnet18-batchnorm-policy-none-s1,dermamnist,none,BLOCK_C,1,2005,True,0.1014760147601476,1.0670431364752282e-10,-0.05986284289276801,0.10116199589883801,-0.04638403990024942,5541630590404713512,-0.032917705735660774
C-dermamnist-28px-resnet18-batchnorm-policy-none-s1,dermamnist,none,BLOCK_C,2,2005,True,0.06642066420664207,3.2361004548521016e-10,-0.0503740648379053,0.07792207792207792,-0.03890274314214459,14765434947079366614,-0.027418952618454003
C-dermamnist-28px-resnet18-batchnorm-policy-none-s1,dermamnist,none,BLOCK_C,5,2005,True,0.07564575645756458,1.5211162637601912e-08,-0.04788029925187032,0.07655502392344497,-0.03541147132169575,16831065915684190455,-0.02344139650872823
C-dermamnist-28px-resnet18-batchnorm-policy-none-s1,dermamnist,none,BLOCK_C,10,2005,True,0.07195571955719557,5.102617161085448e-07,-0.04139650872817957,0.06766917293233082,-0.029925187032418976,16101503994940043436,-0.01845386533665838
C-dermamnist-28px-resnet18-batchnorm-policy-none-s1,dermamnist,none,BLOCK_C,25,2005,True,0.05719557195571956,6.301848221392294e-08,-0.04139650872817946,0.06288448393711552,-0.030423940149625905,995996195679977705,-0.01995012468827928
C-dermamnist-28px-resnet18-batchnorm-policy-none-s1,dermamnist,none,BLOCK_C,50,2005,True,0.06642066420664207,5.755949851954403e-07,-0.03990024937655856,0.06425153793574846,-0.028927680798005007,9686701281296099014,-0.01795511221945134
C-dermamnist-28px-resnet18-batchnorm-policy-none-s1,dermamnist,none,BLOCK_C,100,2005,True,0.05350553505535055,5.5916702541249495e-08,-0.04089775561097253,0.060833902939166094,-0.029925187032418976,12778925255831666243,-0.01945137157107235
C-dermamnist-28px-resnet18-batchnorm-policy-none-s2,dermamnist,none,BLOCK_C,1,2005,True,0.23148148148148148,3.5225898326006546e-12,-0.08728179551122195,0.1795221843003413,-0.06882793017456357,13633989291561283201,-0.050374064837905186
C-dermamnist-28px-resnet18-batchnorm-policy-none-s2,dermamnist,none,BLOCK_C,2,2005,True,0.23703703703703705,0.0005178802491533973,-0.04887780548628429,0.13037542662116042,-0.031421446384039875,16026484952498152313,-0.013965087281795574
C-dermamnist-28px-resnet18-batchnorm-policy-none-s2,dermamnist,none,BLOCK_C,5,2005,True,0.22592592592592592,0.036469830356026536,-0.033915211970074854,0.10784982935153584,-0.01795511221945134,13430005536216443751,-0.0014962593516208988
C-dermamnist-28px-resnet18-batchnorm-policy-none-s2,dermamnist,none,BLOCK_C,10,2005,False,0.24074074074074073,0.6689474229625172,-0.01945137157107235,0.09419795221843004,-0.003990024937655878,17237628565506809096,0.012468827930174564
C-dermamnist-28px-resnet18-batchnorm-policy-none-s2,dermamnist,none,BLOCK_C,25,2005,False,0.24814814814814815,0.9514722492227051,-0.01695760598503737,0.09283276450511946,-0.0009975062344139696,8640036699802079058,0.014463840399002503
C-dermamnist-28px-resnet18-batchnorm-policy-none-s2,dermamnist,none,BLOCK_C,50,2005,False,0.24814814814814815,1.0,-0.015461346633416473,0.09078498293515358,0.0004987531172069293,743359523490876237,0.016458852867830442
C-dermamnist-28px-resnet18-batchnorm-policy-none-s2,dermamnist,none,BLOCK_C,100,2005,False,0.24259259259259258,0.8029638744383367,-0.013466334164588534,0.08600682593856655,0.0024937655860348684,10041575641312695925,0.01845386533665838
D-bloodmnist-128px-batchnorm-policy-none-s0,bloodmnist,none,H2,1,3421,True,0.16129032258064516,0.0,-0.6252630809704764,0.6604244694132334,-0.6083016661794798,2798252261630056037,-0.5913475591932184
D-bloodmnist-128px-batchnorm-policy-none-s0,bloodmnist,none,H2,2,3421,True,0.12442396313364056,0.0,-0.6372405729318913,0.6704119850187266,-0.6199941537562117,17890812907719121895,-0.6030400467699504
D-bloodmnist-128px-batchnorm-policy-none-s0,bloodmnist,none,H2,5,3421,True,0.14746543778801843,0.0,-0.6194095293773749,0.653558052434457,-0.6027477345805321,7362515248179776044,-0.5855013154048524
D-bloodmnist-128px-batchnorm-policy-none-s0,bloodmnist,none,H2,10,3421,True,0.15207373271889402,0.0,-0.6144402221572639,0.6482521847690387,-0.5974861151710027,903124872296927564,-0.580239695995323
D-bloodmnist-128px-batchnorm-policy-none-s0,bloodmnist,none,H2,25,3421,True,0.17511520737327188,0.0,-0.6176556562408653,0.6529338327091136,-0.6004092370651857,5147196125848451179,-0.583162817889506
D-bloodmnist-128px-batchnorm-policy-none-s0,bloodmnist,none,H2,50,3421,True,0.16589861751152074,0.0,-0.614440222157264,0.6491885143570537,-0.5974861151710027,4811171557147917816,-0.5802396959953231
D-bloodmnist-128px-batchnorm-policy-none-s0,bloodmnist,none,H2,100,3421,True,0.1889400921658986,0.0,-0.6214557147033032,0.6579275905118602,-0.6042092955276235,16406937996311830839,-0.5872551885413622
D-bloodmnist-128px-batchnorm-policy-none-s1,bloodmnist,none,H2,1,3421,True,0.2038664323374341,0.0,-0.5445776088862906,0.6711079943899019,-0.5255773165741011,15202212213790417179,-0.5068620286465946
D-bloodmnist-128px-batchnorm-policy-none-s1,bloodmnist,none,H2,2,3421,True,0.14411247803163443,0.0,-0.5676702718503361,0.6875876577840112,-0.5492546039169834,14392256713107621325,-0.5308389359836305
D-bloodmnist-128px-batchnorm-policy-none-s1,bloodmnist,none,H2,5,3421,True,0.18101933216168717,0.0,-0.53434668225665,0.6539270687237027,-0.5150540777550424,8725449501007519441,-0.496053785442853
D-bloodmnist-128px-batchnorm-policy-none-s1,bloodmnist,none,H2,10,3421,True,0.16695957820738136,0.0,-0.5308389359836305,0.6479663394109397,-0.5124232680502778,5567427016273948309,-0.4937152879275066
D-bloodmnist-128px-batchnorm-policy-none-s1,bloodmnist,none,H2,25,3421,True,0.15817223198594024,0.0,-0.5320081847413037,0.6476157082748948,-0.5135925168079509,4784657919421611982,-0.49517684887459806
D-bloodmnist-128px-batchnorm-policy-none-s1,bloodmnist,none,H2,50,3421,True,0.14586994727592267,0.0,-0.5296696872259573,0.6430575035063114,-0.5118386436714412,15146186250881865293,-0.49313066354866997
D-bloodmnist-128px-batchnorm-policy-none-s1,bloodmnist,none,H2,100,3421,True,0.1335676625659051,0.0,-0.5340543700672318,0.6458625525946704,-0.5162233265127156,562600915258415259,-0.49780765857936277
D-bloodmnist-128px-batchnorm-policy-none-s2,bloodmnist,none,H2,1,3421,True,0.14232209737827714,0.0,-0.6246711487869044,0.6715282181357007,-0.6080093539900613,1926437749052308027,-0.5904706226249635
D-bloodmnist-128px-batchnorm-policy-none-s2,bloodmnist,none,H2,2,3421,True,0.11235955056179775,0.0,-0.6506942414498684,0.6975269499048827,-0.6343174510377082,6525062963216380674,-0.6176556562408653
D-bloodmnist-128px-batchnorm-policy-none-s2,bloodmnist,none,H2,5,3421,True,0.1348314606741573,0.0,-0.6237942122186495,0.6689917564996829,-0.6062554808535515,14155881123171437609,-0.5898786904413915
D-bloodmnist-128px-batchnorm-policy-none-s2,bloodmnist,none,H2,10,3421,True,0.1198501872659176,0.0,-0.6278865828705058,0.6731135066582118,-0.6112247880736627,12918302686779268914,-0.5942633732826659
D-bloodmnist-128px-batchnorm-policy-none-s2,bloodmnist,none,H2,25,3421,True,0.09737827715355805,0.0,-0.6416252557731656,0.686429930247305,-0.625255773165741,10592566521292218589,-0.6083016661794797
D-bloodmnist-128px-batchnorm-policy-none-s2,bloodmnist,none,H2,50,3421,True,0.07116104868913857,0.0,-0.6489330605086232,0.6918199112238428,-0.6322712657117802,14397417940272678811,-0.6159017831043554
D-bloodmnist-128px-batchnorm-policy-none-s2,bloodmnist,none,H2,100,3421,True,0.07116104868913857,0.0,-0.6483484361297865,0.6911857958148383,-0.6316866413329436,14747723432359236276,-0.6150248465361006
D-pathmnist-128px-batchnorm-policy-none-s0,pathmnist,none,H2,1,7180,True,0.25722425722425724,2.910771593589911e-291,-0.3103064066852368,0.5835274190133389,-0.2958217270194986,14221350770869109649,-0.28133704735376047
D-pathmnist-128px-batchnorm-policy-none-s0,pathmnist,none,H2,2,7180,True,0.31013431013431014,2.3902206073903708e-247,-0.29233983286908083,0.5833156891806055,-0.2775766016713092,15631569707939228231,-0.26267409470752096
D-pathmnist-128px-batchnorm-policy-none-s0,pathmnist,none,H2,5,7180,True,0.2869352869352869,6.893372596943926e-260,-0.2952646239554318,0.5763286047004023,-0.2809192200557103,320575611950668746,-0.2658774373259053
D-pathmnist-128px-batchnorm-policy-none-s0,pathmnist,none,H2,10,7180,True,0.27676027676027676,2.4010709425675225e-257,-0.2906685236768802,0.5636248147363964,-0.27604456824512535,1624113816451488847,-0.2615598885793872
D-pathmnist-128px-batchnorm-policy-none-s0,pathmnist,none,H2,25,7180,True,0.2633292633292633,4.884243930470179e-263,-0.290807799442897,0.5572729197543934,-0.2764623955431755,17691435393660931061,-0.2621169916434541
D-pathmnist-128px-batchnorm-policy-none-s0,pathmnist,none,H2,50,7180,True,0.2490842490842491,7.135889346712544e-267,-0.2891364902506964,0.547745077281389,-0.27506963788300837,12162035991731426365,-0.2611420612813371
D-pathmnist-128px-batchnorm-policy-none-s0,pathmnist,none,H2,100,7180,True,0.24135124135124136,1.1538822789904282e-275,-0.29345403899721445,0.5500741054414567,-0.27924791086350975,1142865914027822228,-0.26559888579387186
D-pathmnist-128px-batchnorm-policy-none-s1,pathmnist,none,H2,1,7180,True,0.11891643709825528,0.0,-0.4415041782729805,0.6667333066773291,-0.4284122562674095,10139623978693830911,-0.41518105849582176
D-pathmnist-128px-batchnorm-policy-none-s1,pathmnist,none,H2,2,7180,True,0.10560146923783287,0.0,-0.4143454038997214,0.6223510595761695,-0.4015320334261838,17649483589889991011,-0.3887186629526463
D-pathmnist-128px-batchnorm-policy-none-s1,pathmnist,none,H2,5,7180,True,0.06565656565656566,0.0,-0.44094707520891363,0.6433426629348261,-0.42827298050139273,9361965899965177085,-0.416016713091922
D-pathmnist-128px-batchnorm-policy-none-s1,pathmnist,none,H2,10,7180,True,0.047750229568411386,0.0,-0.4350974930362117,0.6277489004398241,-0.4228412256267409,13828313507378757235,-0.41072423398328695
D-pathmnist-128px-batchnorm-policy-none-s1,pathmnist,none,H2,25,7180,True,0.04086317722681359,0.0,-0.43203342618384394,0.6207516993202719,-0.42005571030640665,9757900116727861669,-0.4079387186629526
D-pathmnist-128px-batchnorm-policy-none-s1,pathmnist,none,H2,50,7180,True,0.04040404040404041,0.0,-0.4284122562674095,0.615953618552579,-0.41685236768802225,13554586608002812950,-0.404874651810585
D-pathmnist-128px-batchnorm-policy-none-s1,pathmnist,none,H2,100,7180,True,0.03764921946740129,0.0,-0.42715877437325905,0.6123550579768092,-0.4151810584958217,925086963724986777,-0.40334261838440116
D-pathmnist-128px-batchnorm-policy-none-s2,pathmnist,none,H2,1,7180,True,0.1413237924865832,0.0,-0.49066852367688024,0.5922137908281095,-0.4779944289693593,5790462974724601250,-0.4655988857938719
D-pathmnist-128px-batchnorm-policy-none-s2,pathmnist,none,H2,2,7180,True,0.14311270125223613,0.0,-0.4633739554317549,0.5608709996700759,-0.4512534818941504,17787944645177499283,-0.4388579387186629
D-pathmnist-128px-batchnorm-policy-none-s2,pathmnist,none,H2,5,7180,True,0.1449016100178891,0.0,-0.45,0.5450346420323325,-0.4376044568245125,1271500104287777855,-0.4253481894150418
D-pathmnist-128px-batchnorm-policy-none-s2,pathmnist,none,H2,10,7180,True,0.1475849731663685,0.0,-0.42980501392757653,0.521774991751897,-0.4175487465181058,620048382424710436,-0.4050139275766017
D-pathmnist-128px-batchnorm-policy-none-s2,pathmnist,none,H2,25,7180,True,0.14579606440071557,0.0,-0.41142061281337045,0.499670075882547,-0.3991643454038997,2820004023649673829,-0.3864902506963789
D-pathmnist-128px-batchnorm-policy-none-s2,pathmnist,none,H2,50,7180,True,0.14311270125223613,0.0,-0.39930362116991647,0.4848234905971627,-0.38704735376044563,5528263843985848782,-0.37451253481894153
D-pathmnist-128px-batchnorm-policy-none-s2,pathmnist,none,H2,100,7180,True,0.1592128801431127,0.0,-0.3848189415041782,0.47047179148795776,-0.37242339832869076,14927589669507667970,-0.36016713091922004
